Workbook

Sheet README
B2: Suntransfers — 1-23 August 2026 vs 1-23 August 2025 traffic & conversion
B3: Sessions · Searches · Purchases · Start Search · Visit→Search · Search→Booking · CR — by channel → landing page group → device → market
B5: STATUS
B6: Loaded | C6: Complete on all seven volume inputs: Sessions, Start Search, Searches, Select item, Add to cart, Begin checkout and Purchases, both years. Every YoY and rate cell calculates at scorecard level.
B7: Remaining | C7: Country-level blanks only, where a market sits outside a Looker table's visible rows. All listed on 'Gaps to fill'.
B9: METRIC DEFINITIONS
B10: Sessions | C10: GA4 sessions, as reported by the Looker scorecards.
B11: Searches | C11: The 'Searches' tile — sessions that reached a listing view. The SR / visit-to-search numerator, not start_search.
B12: Purchases | C12: Completed bookings (the 'Purchases' tile).
B13: Start Search | C13: The start_search event — an engagement signal (the search form was actually used), tracked separately from 'Searches' (which is the view_item_list-based visit-to-search numerator). Shown as its own volume metric on Totals, Countries, L1-L4 and Market Summary so you can read engagement by channel / landing page / device / country; it does not feed Visit→Search, Search→Booking or CR, and is not on the Funnel tab.
B14: Select item | C14: The select_item event — a listing result was opened. First step after the listing view.
B15: Add to cart | C15: The add_to_cart event — a transfer was put in the basket.
B16: Begin checkout | C16: The begin_checkout event — the checkout flow was entered.
B17: Visit→Search | C17: Searches ÷ Sessions. How many arrivals get as far as a listing.
B18: Search→Select | C18: Select item ÷ Searches. How many listing-viewers open a result.
B19: Select→Cart | C19: Add to cart ÷ Select item. How many openers add to the basket.
B20: Cart→Checkout | C20: Begin checkout ÷ Add to cart. How many baskets enter checkout.
B21: Checkout→Purchase | C21: Purchases ÷ Begin checkout. How many checkouts complete. The step where payment friction shows up.
... B23: CR | C23: Purchases ÷ Sessions. The end-to-end conversion rate, and the product of the two rates above.
B25: HOW IT IS BUILT
B26: Inputs | C26: Two tabs hold every number: 'Totals' (scorecard) and 'Countries' (country detail). Nothing else is typed.
B27: Views | C27: L1 → L4 and 'Market Summary' are formulas only. Do not type in them.
B28: Row / column logic | C28: Dimensions go down the rows; metrics go across in blocks. Volumes take four columns (1-23Aug26, 1-23Aug25, Δ, % Δ), rates take three (1-23Aug26, 1-23Aug25, Δ pp). Adding a KPI is one more block, not a new tab.
B29: To refresh a new month | C29: Overwrite the blue numbers on 'Totals' and 'Countries' (or regenerate them from new screenshots), update config.py's period labels, and rebuild.
B31: CELL COLOUR LEGEND
B32: Blue text | C32: Hard-coded input read off the Looker screenshots. The only cells to overwrite when refreshing.
B33: Black text | C33: Formula calculated within the same tab.
B34: Green text | C34: Formula pulling from another tab (Totals or Countries).
B35: Yellow fill | C35: Fill this in. On the input tabs it is a missing number — see 'Gaps to fill'. On 'L4 Market view' it is a dropdown control.
B37: TABS
B38: Funnel | C38: READ THIS FIRST. Sessions → Searches → Bookings and the three rates, for the total, each channel, each landing page group, each device, each market, each market within the Direct channel, and each market within each channel on Desktop only. One row per segment. (Start Search is not on this tab — see Countries, L1-L4 and Market Summary.)
B39: Totals | C39: INPUT. Scorecard: landing page group × channel × device, all four volume metrics (Sessions, Searches, Purchases, Start Search). 'Other pages (derived)' = All − Home − Airport − Route.
B40: Countries | C40: INPUT. Country detail as shown in the Looker tables, including Start Search engagement sessions.
B41: Gaps to fill | C41: Worklist of every yellow cell: which market, which metric, which period, the exact cell to type into, and what it unblocks.
B42: L1 Channel YoY | C42: Level 1 — channel × device, all landing pages, plus channel mix.
B43: L2 Channel x Landing | C43: Level 2 — landing page group × channel, device = Total.
B44: L3 Ch x Landing x Device | C44: Level 3 — landing page group × channel × device.
B45: L4 Market view | C45: Level 4 — country rows, with dropdowns for landing page group, channel and device.
B46: Market Summary | C46: Country × channel across all landing pages: one stacked table per metric/rate (Sessions, Searches, Purchases, Start Search, Visit→Search, Search→Booking, CR).
B48: DATA SOURCE
B49: Report | C49: Looker Studio sessions / searches / purchases views. 1-23 August 2026 refreshed 28/08/2026 09:44; 1-23 August 2025 refreshed 28/08/2026 09:44.
B50: Periods | C50: The full month of 1-23 August 2026 vs the full month of 1-23 August 2025. Channels: Paid Search, Organic, Direct. Other channels (affiliate, referral, email) are not in these views, which is why totals here sit below the all-traffic figures.
B52: READ THESE BEFORE QUOTING A NUMBER
B53: Country coverage | C53: Only the visible top rows of each Looker table are captured (10 rows, 9 for Direct). The full tables run far deeper depending on the cut, so country rows do NOT sum to the scorecard. Every market tab prints its coverage %.
B54: Missing-market blanks | C54: A blank cell means that market was not in that table's visible rows — it is NOT a zero. Δ, % Δ and every rate stay blank when an input is missing, so no false −100% appears.
B55: Comparability flag | C55: Market rows are flagged 'Like-for-like' or 'Partial — coverage differs'. Partial means the market is visible in a different number of tables in each year, so its YoY % is distorted. Directional only, not a real percentage.
B56: Matched coverage on rates | C56: Every country-level rate counts a channel/device only where BOTH numerator and denominator exist. Without it a market visible in one table but not another pushes the rate over 100%. Scorecard rates on L1/L2/L3 are unaffected.
B57: Direct channel | C57: Direct's desktop searches have shown bursts of growth that outrun its sessions in past pulls, a signature of bot or scraper traffic rather than real customers. Check Direct desktop's Visit→Search rate against last period before treating its search→booking rate as a benchmark — see the 'By market x channel — Desktop only' section on the Funnel tab.
B58: Device residual | C58: Mobile + Desktop does not equal Total; the difference is tablet and unassigned. The Total row is authoritative.
B59: Landing page groups | C59: Home + Airport + Route do not cover all traffic. The remainder is 'Other pages (derived)'.
B60: Derived-residual warning | C60: The three named landing groups do not attribute identically across the sessions, searches and purchases views, so the derived residual can be nonsense (an implausible search→booking rate, for example). Any rate cell shaded red is above 100% and cannot be real — read the named landing groups, not the residual, for rates.

Sheet Funnel
A1: Funnel at a glance — 1-23 August 2026 vs 1-23 August 2025
A2: Sessions → Searches → Bookings, then the three rates. Paid Search + Organic + Direct only. Source: Totals and Countries tabs.
A4: Segment | B4: Split | C4: Sessions | F4: Searches | I4: Bookings | L4: Visit→Search | O4: Search→Booking | R4: CR
C5: 1-23Aug25 | D5: 1-23Aug26 | E5: % Δ | F5: 1-23Aug25 | G5: 1-23Aug26 | H5: % Δ | I5: 1-23Aug25 | J5: 1-23Aug26 | K5: % Δ | L5: 1-23Aug25 | M5: 1-23Aug26 | N5: Δ pp | O5: 1-23Aug25 | P5: 1-23Aug26 | Q5: Δ pp | R5: 1-23Aug25 | S5: 1-23Aug26 | T5: Δ pp
A6: TOTAL — 3 channels | B6: All | C6: =SUMIFS(Totals!$D$5:$D$49,Totals!$A$5:$A$49,"All landing pages",Totals!$B$5:$B$49,"Paid Search",Totals!$C$5:$C$49,"Total")+SUMIFS(Totals!$D$5:$D$49,Totals!$A$5:$A$49,"All landing pages",Totals!$B$5:$B$49,"Organic",Totals!$C$5:$C$49,"Total")+SUMIFS(Totals!$D$5:$D$49,Totals!$A$5:$A$49,"All landing pages",Totals!$B$5:$B$49,"Direct",Totals!$C$5:$C$49,"Total") | D6: =SUMIFS(Totals!$E$5:$E$49,Totals!$A$5:$A$49,"All landing pages",Totals!$B$5:$B$49,"Paid Search",Totals!$C$5:$C$49,"Total")+SUMIFS(Totals!$E$5:$E$49,Totals!$A$5:$A$49,"All landing pages",Totals!$B$5:$B$49,"Organic",Totals!$C$5:$C$49,"Total")+SUMIFS(Totals!$E$5:$E$49,Totals!$A$5:$A$49,"All landing pages",Totals!$B$5:$B$49,"Direct",Totals!$C$5:$C$49,"Total") | E6: =IF(OR(C6="",D6="",D6=0,C6=0),"",D6/C6-1) | F6: =SUMIFS(Totals!$O$5:$O$49,Totals!$A$5:$A$49,"All landing pages",Totals!$B$5:$B$49,"Paid Search",Totals!$C$5:$C$49,"Total")+SUMIFS(Totals!$O$5:$O$49,Totals!$A$5:$A$49,"All landing pages",Totals!$B$5:$B$49,"Organic",Totals!$C$5:$C$49,"Total")+SUMIFS(Totals!$O$5:$O$49,Totals!$A$5:$A$49,"All landing pages",Totals!$B$5:$B$49,"Direct",Totals!$C$5:$C$49,"Total") | G6: =SUMIFS(Totals!$P$5:$P$49,Totals!$A$5:$A$49,"All landing pages",Totals!$B$5:$B$49,"Paid Search",Totals!$C$5:$C$49,"Total")+SUMIFS(Totals!$P$5:$P$49,Totals!$A$5:$A$49,"All landing pages",Totals!$B$5:$B$49,"Organic",Totals!$C$5:$C$49,"Total")+SUMIFS(Totals!$P$5:$P$49,Totals!$A$5:$A$49,"All landing pages",Totals!$B$5:$B$49,"Direct",Totals!$C$5:$C$49,"Total") | H6: =IF(OR(F6="",G6="",G6=0,F6=0),"",G6/F6-1) | I6: =SUMIFS(Totals!$AQ$5:$AQ$49,Totals!$A$5:$A$49,"All landing pages",Totals!$B$5:$B$49,"Paid Search",Totals!$C$5:$C$49,"Total")+SUMIFS(Totals!$AQ$5:$AQ$49,Totals!$A$5:$A$49,"All landing pages",Totals!$B$5:$B$49,"Organic",Totals!$C$5:$C$49,"Total")+SUMIFS(Totals!$AQ$5:$AQ$49,Totals!$A$5:$A$49,"All landing pages",Totals!$B$5:$B$49,"Direct",Totals!$C$5:$C$49,"Total") | J6: =SUMIFS(Totals!$AR$5:$AR$49,Totals!$A$5:$A$49,"All landing pages",Totals!$B$5:$B$49,"Paid Search",Totals!$C$5:$C$49,"Total")+SUMIFS(Totals!$AR$5:$AR$49,Totals!$A$5:$A$49,"All landing pages",Totals!$B$5:$B$49,"Organic",Totals!$C$5:$C$49,"Total")+SUMIFS(Totals!$AR$5:$AR$49,Totals!$A$5:$A$49,"All landing pages",Totals!$B$5:$B$49,"Direct",Totals!$C$5:$C$49,"Total") | K6: =IF(OR(I6="",J6="",J6=0,I6=0),"",J6/I6-1) | L6: =IF(OR(F6="",C6="",C6=0),"",F6/C6) | M6: =IF(OR(G6="",D6="",D6=0),"",G6/D6) | N6: =IF(OR(L6="",M6=""),"",(M6-L6)*100) | O6: =IF(OR(I6="",F6="",F6=0),"",I6/F6) | P6: =IF(OR(J6="",G6="",G6=0),"",J6/G6) | Q6: =IF(OR(O6="",P6=""),"",(P6-O6)*100) | R6: =IF(OR(I6="",C6="",C6=0),"",I6/C6) | S6: =IF(OR(J6="",D6="",D6=0),"",J6/D6) | T6: =IF(OR(R6="",S6=""),"",(S6-R6)*100)
A8: By channel (all landing pages, all devices)
A9: Paid Search | B9: Total | C9: =SUMIFS(Totals!$D$5:$D$49,Totals!$A$5:$A$49,"All landing pages",Totals!$B$5:$B$49,"Paid Search",Totals!$C$5:$C$49,"Total") | D9: =SUMIFS(Totals!$E$5:$E$49,Totals!$A$5:$A$49,"All landing pages",Totals!$B$5:$B$49,"Paid Search",Totals!$C$5:$C$49,"Total") | E9: =IF(OR(C9="",D9="",D9=0,C9=0),"",D9/C9-1) | F9: =SUMIFS(Totals!$O$5:$O$49,Totals!$A$5:$A$49,"All landing pages",Totals!$B$5:$B$49,"Paid Search",Totals!$C$5:$C$49,"Total") | G9: =SUMIFS(Totals!$P$5:$P$49,Totals!$A$5:$A$49,"All landing pages",Totals!$B$5:$B$49,"Paid Search",Totals!$C$5:$C$49,"Total") | H9: =IF(OR(F9="",G9="",G9=0,F9=0),"",G9/F9-1) | I9: =SUMIFS(Totals!$AQ$5:$AQ$49,Totals!$A$5:$A$49,"All landing pages",Totals!$B$5:$B$49,"Paid Search",Totals!$C$5:$C$49,"Total") | J9: =SUMIFS(Totals!$AR$5:$AR$49,Totals!$A$5:$A$49,"All landing pages",Totals!$B$5:$B$49,"Paid Search",Totals!$C$5:$C$49,"Total") | K9: =IF(OR(I9="",J9="",J9=0,I9=0),"",J9/I9-1) | L9: =IF(OR(F9="",C9="",C9=0),"",F9/C9) | M9: =IF(OR(G9="",D9="",D9=0),"",G9/D9) | N9: =IF(OR(L9="",M9=""),"",(M9-L9)*100) | O9: =IF(OR(I9="",F9="",F9=0),"",I9/F9) | P9: =IF(OR(J9="",G9="",G9=0),"",J9/G9) | Q9: =IF(OR(O9="",P9=""),"",(P9-O9)*100) | R9: =IF(OR(I9="",C9="",C9=0),"",I9/C9) | S9: =IF(OR(J9="",D9="",D9=0),"",J9/D9) | T9: =IF(OR(R9="",S9=""),"",(S9-R9)*100)
A10: Organic | B10: Total | C10: =SUMIFS(Totals!$D$5:$D$49,Totals!$A$5:$A$49,"All landing pages",Totals!$B$5:$B$49,"Organic",Totals!$C$5:$C$49,"Total") | D10: =SUMIFS(Totals!$E$5:$E$49,Totals!$A$5:$A$49,"All landing pages",Totals!$B$5:$B$49,"Organic",Totals!$C$5:$C$49,"Total") | E10: =IF(OR(C10="",D10="",D10=0,C10=0),"",D10/C10-1) | F10: =SUMIFS(Totals!$O$5:$O$49,Totals!$A$5:$A$49,"All landing pages",Totals!$B$5:$B$49,"Organic",Totals!$C$5:$C$49,"Total") | G10: =SUMIFS(Totals!$P$5:$P$49,Totals!$A$5:$A$49,"All landing pages",Totals!$B$5:$B$49,"Organic",Totals!$C$5:$C$49,"Total") | H10: =IF(OR(F10="",G10="",G10=0,F10=0),"",G10/F10-1) | I10: =SUMIFS(Totals!$AQ$5:$AQ$49,Totals!$A$5:$A$49,"All landing pages",Totals!$B$5:$B$49,"Organic",Totals!$C$5:$C$49,"Total") | J10: =SUMIFS(Totals!$AR$5:$AR$49,Totals!$A$5:$A$49,"All landing pages",Totals!$B$5:$B$49,"Organic",Totals!$C$5:$C$49,"Total") | K10: =IF(OR(I10="",J10="",J10=0,I10=0),"",J10/I10-1) | L10: =IF(OR(F10="",C10="",C10=0),"",F10/C10) | M10: =IF(OR(G10="",D10="",D10=0),"",G10/D10) | N10: =IF(OR(L10="",M10=""),"",(M10-L10)*100) | O10: =IF(OR(I10="",F10="",F10=0),"",I10/F10) | P10: =IF(OR(J10="",G10="",G10=0),"",J10/G10) | Q10: =IF(OR(O10="",P10=""),"",(P10-O10)*100) | R10: =IF(OR(I10="",C10="",C10=0),"",I10/C10) | S10: =IF(OR(J10="",D10="",D10=0),"",J10/D10) | T10: =IF(OR(R10="",S10=""),"",(S10-R10)*100)
A11: Direct | B11: Total | C11: =SUMIFS(Totals!$D$5:$D$49,Totals!$A$5:$A$49,"All landing pages",Totals!$B$5:$B$49,"Direct",Totals!$C$5:$C$49,"Total") | D11: =SUMIFS(Totals!$E$5:$E$49,Totals!$A$5:$A$49,"All landing pages",Totals!$B$5:$B$49,"Direct",Totals!$C$5:$C$49,"Total") | E11: =IF(OR(C11="",D11="",D11=0,C11=0),"",D11/C11-1) | F11: =SUMIFS(Totals!$O$5:$O$49,Totals!$A$5:$A$49,"All landing pages",Totals!$B$5:$B$49,"Direct",Totals!$C$5:$C$49,"Total") | G11: =SUMIFS(Totals!$P$5:$P$49,Totals!$A$5:$A$49,"All landing pages",Totals!$B$5:$B$49,"Direct",Totals!$C$5:$C$49,"Total") | H11: =IF(OR(F11="",G11="",G11=0,F11=0),"",G11/F11-1) | I11: =SUMIFS(Totals!$AQ$5:$AQ$49,Totals!$A$5:$A$49,"All landing pages",Totals!$B$5:$B$49,"Direct",Totals!$C$5:$C$49,"Total") | J11: =SUMIFS(Totals!$AR$5:$AR$49,Totals!$A$5:$A$49,"All landing pages",Totals!$B$5:$B$49,"Direct",Totals!$C$5:$C$49,"Total") | K11: =IF(OR(I11="",J11="",J11=0,I11=0),"",J11/I11-1) | L11: =IF(OR(F11="",C11="",C11=0),"",F11/C11) | M11: =IF(OR(G11="",D11="",D11=0),"",G11/D11) | N11: =IF(OR(L11="",M11=""),"",(M11-L11)*100) | O11: =IF(OR(I11="",F11="",F11=0),"",I11/F11) | P11: =IF(OR(J11="",G11="",G11=0),"",J11/G11) | Q11: =IF(OR(O11="",P11=""),"",(P11-O11)*100) | R11: =IF(OR(I11="",C11="",C11=0),"",I11/C11) | S11: =IF(OR(J11="",D11="",D11=0),"",J11/D11) | T11: =IF(OR(R11="",S11=""),"",(S11-R11)*100)
A13: By landing page group (3 channels combined, all devices)
A14: All landing pages | B14: Total | C14: =SUMIFS(Totals!$D$5:$D$49,Totals!$A$5:$A$49,"All landing pages",Totals!$B$5:$B$49,"Paid Search",Totals!$C$5:$C$49,"Total")+SUMIFS(Totals!$D$5:$D$49,Totals!$A$5:$A$49,"All landing pages",Totals!$B$5:$B$49,"Organic",Totals!$C$5:$C$49,"Total")+SUMIFS(Totals!$D$5:$D$49,Totals!$A$5:$A$49,"All landing pages",Totals!$B$5:$B$49,"Direct",Totals!$C$5:$C$49,"Total") | D14: =SUMIFS(Totals!$E$5:$E$49,Totals!$A$5:$A$49,"All landing pages",Totals!$B$5:$B$49,"Paid Search",Totals!$C$5:$C$49,"Total")+SUMIFS(Totals!$E$5:$E$49,Totals!$A$5:$A$49,"All landing pages",Totals!$B$5:$B$49,"Organic",Totals!$C$5:$C$49,"Total")+SUMIFS(Totals!$E$5:$E$49,Totals!$A$5:$A$49,"All landing pages",Totals!$B$5:$B$49,"Direct",Totals!$C$5:$C$49,"Total") | E14: =IF(OR(C14="",D14="",D14=0,C14=0),"",D14/C14-1) | F14: =SUMIFS(Totals!$O$5:$O$49,Totals!$A$5:$A$49,"All landing pages",Totals!$B$5:$B$49,"Paid Search",Totals!$C$5:$C$49,"Total")+SUMIFS(Totals!$O$5:$O$49,Totals!$A$5:$A$49,"All landing pages",Totals!$B$5:$B$49,"Organic",Totals!$C$5:$C$49,"Total")+SUMIFS(Totals!$O$5:$O$49,Totals!$A$5:$A$49,"All landing pages",Totals!$B$5:$B$49,"Direct",Totals!$C$5:$C$49,"Total") | G14: =SUMIFS(Totals!$P$5:$P$49,Totals!$A$5:$A$49,"All landing pages",Totals!$B$5:$B$49,"Paid Search",Totals!$C$5:$C$49,"Total")+SUMIFS(Totals!$P$5:$P$49,Totals!$A$5:$A$49,"All landing pages",Totals!$B$5:$B$49,"Organic",Totals!$C$5:$C$49,"Total")+SUMIFS(Totals!$P$5:$P$49,Totals!$A$5:$A$49,"All landing pages",Totals!$B$5:$B$49,"Direct",Totals!$C$5:$C$49,"Total") | H14: =IF(OR(F14="",G14="",G14=0,F14=0),"",G14/F14-1) | I14: =SUMIFS(Totals!$AQ$5:$AQ$49,Totals!$A$5:$A$49,"All landing pages",Totals!$B$5:$B$49,"Paid Search",Totals!$C$5:$C$49,"Total")+SUMIFS(Totals!$AQ$5:$AQ$49,Totals!$A$5:$A$49,"All landing pages",Totals!$B$5:$B$49,"Organic",Totals!$C$5:$C$49,"Total")+SUMIFS(Totals!$AQ$5:$AQ$49,Totals!$A$5:$A$49,"All landing pages",Totals!$B$5:$B$49,"Direct",Totals!$C$5:$C$49,"Total") | J14: =SUMIFS(Totals!$AR$5:$AR$49,Totals!$A$5:$A$49,"All landing pages",Totals!$B$5:$B$49,"Paid Search",Totals!$C$5:$C$49,"Total")+SUMIFS(Totals!$AR$5:$AR$49,Totals!$A$5:$A$49,"All landing pages",Totals!$B$5:$B$49,"Organic",Totals!$C$5:$C$49,"Total")+SUMIFS(Totals!$AR$5:$AR$49,Totals!$A$5:$A$49,"All landing pages",Totals!$B$5:$B$49,"Direct",Totals!$C$5:$C$49,"Total") | K14: =IF(OR(I14="",J14="",J14=0,I14=0),"",J14/I14-1) | L14: =IF(OR(F14="",C14="",C14=0),"",F14/C14) | M14: =IF(OR(G14="",D14="",D14=0),"",G14/D14) | N14: =IF(OR(L14="",M14=""),"",(M14-L14)*100) | O14: =IF(OR(I14="",F14="",F14=0),"",I14/F14) | P14: =IF(OR(J14="",G14="",G14=0),"",J14/G14) | Q14: =IF(OR(O14="",P14=""),"",(P14-O14)*100) | R14: =IF(OR(I14="",C14="",C14=0),"",I14/C14) | S14: =IF(OR(J14="",D14="",D14=0),"",J14/D14) | T14: =IF(OR(R14="",S14=""),"",(S14-R14)*100)
A15: Home page | B15: Total | C15: =SUMIFS(Totals!$D$5:$D$49,Totals!$A$5:$A$49,"Home page",Totals!$B$5:$B$49,"Paid Search",Totals!$C$5:$C$49,"Total")+SUMIFS(Totals!$D$5:$D$49,Totals!$A$5:$A$49,"Home page",Totals!$B$5:$B$49,"Organic",Totals!$C$5:$C$49,"Total")+SUMIFS(Totals!$D$5:$D$49,Totals!$A$5:$A$49,"Home page",Totals!$B$5:$B$49,"Direct",Totals!$C$5:$C$49,"Total") | D15: =SUMIFS(Totals!$E$5:$E$49,Totals!$A$5:$A$49,"Home page",Totals!$B$5:$B$49,"Paid Search",Totals!$C$5:$C$49,"Total")+SUMIFS(Totals!$E$5:$E$49,Totals!$A$5:$A$49,"Home page",Totals!$B$5:$B$49,"Organic",Totals!$C$5:$C$49,"Total")+SUMIFS(Totals!$E$5:$E$49,Totals!$A$5:$A$49,"Home page",Totals!$B$5:$B$49,"Direct",Totals!$C$5:$C$49,"Total") | E15: =IF(OR(C15="",D15="",D15=0,C15=0),"",D15/C15-1) | F15: =SUMIFS(Totals!$O$5:$O$49,Totals!$A$5:$A$49,"Home page",Totals!$B$5:$B$49,"Paid Search",Totals!$C$5:$C$49,"Total")+SUMIFS(Totals!$O$5:$O$49,Totals!$A$5:$A$49,"Home page",Totals!$B$5:$B$49,"Organic",Totals!$C$5:$C$49,"Total")+SUMIFS(Totals!$O$5:$O$49,Totals!$A$5:$A$49,"Home page",Totals!$B$5:$B$49,"Direct",Totals!$C$5:$C$49,"Total") | G15: =SUMIFS(Totals!$P$5:$P$49,Totals!$A$5:$A$49,"Home page",Totals!$B$5:$B$49,"Paid Search",Totals!$C$5:$C$49,"Total")+SUMIFS(Totals!$P$5:$P$49,Totals!$A$5:$A$49,"Home page",Totals!$B$5:$B$49,"Organic",Totals!$C$5:$C$49,"Total")+SUMIFS(Totals!$P$5:$P$49,Totals!$A$5:$A$49,"Home page",Totals!$B$5:$B$49,"Direct",Totals!$C$5:$C$49,"Total") | H15: =IF(OR(F15="",G15="",G15=0,F15=0),"",G15/F15-1) | I15: =SUMIFS(Totals!$AQ$5:$AQ$49,Totals!$A$5:$A$49,"Home page",Totals!$B$5:$B$49,"Paid Search",Totals!$C$5:$C$49,"Total")+SUMIFS(Totals!$AQ$5:$AQ$49,Totals!$A$5:$A$49,"Home page",Totals!$B$5:$B$49,"Organic",Totals!$C$5:$C$49,"Total")+SUMIFS(Totals!$AQ$5:$AQ$49,Totals!$A$5:$A$49,"Home page",Totals!$B$5:$B$49,"Direct",Totals!$C$5:$C$49,"Total") | J15: =SUMIFS(Totals!$AR$5:$AR$49,Totals!$A$5:$A$49,"Home page",Totals!$B$5:$B$49,"Paid Search",Totals!$C$5:$C$49,"Total")+SUMIFS(Totals!$AR$5:$AR$49,Totals!$A$5:$A$49,"Home page",Totals!$B$5:$B$49,"Organic",Totals!$C$5:$C$49,"Total")+SUMIFS(Totals!$AR$5:$AR$49,Totals!$A$5:$A$49,"Home page",Totals!$B$5:$B$49,"Direct",Totals!$C$5:$C$49,"Total") | K15: =IF(OR(I15="",J15="",J15=0,I15=0),"",J15/I15-1) | L15: =IF(OR(F15="",C15="",C15=0),"",F15/C15) | M15: =IF(OR(G15="",D15="",D15=0),"",G15/D15) | N15: =IF(OR(L15="",M15=""),"",(M15-L15)*100) | O15: =IF(OR(I15="",F15="",F15=0),"",I15/F15) | P15: =IF(OR(J15="",G15="",G15=0),"",J15/G15) | Q15: =IF(OR(O15="",P15=""),"",(P15-O15)*100) | R15: =IF(OR(I15="",C15="",C15=0),"",I15/C15) | S15: =IF(OR(J15="",D15="",D15=0),"",J15/D15) | T15: =IF(OR(R15="",S15=""),"",(S15-R15)*100)
A16: Airport page | B16: Total | C16: =SUMIFS(Totals!$D$5:$D$49,Totals!$A$5:$A$49,"Airport page",Totals!$B$5:$B$49,"Paid Search",Totals!$C$5:$C$49,"Total")+SUMIFS(Totals!$D$5:$D$49,Totals!$A$5:$A$49,"Airport page",Totals!$B$5:$B$49,"Organic",Totals!$C$5:$C$49,"Total")+SUMIFS(Totals!$D$5:$D$49,Totals!$A$5:$A$49,"Airport page",Totals!$B$5:$B$49,"Direct",Totals!$C$5:$C$49,"Total") | D16: =SUMIFS(Totals!$E$5:$E$49,Totals!$A$5:$A$49,"Airport page",Totals!$B$5:$B$49,"Paid Search",Totals!$C$5:$C$49,"Total")+SUMIFS(Totals!$E$5:$E$49,Totals!$A$5:$A$49,"Airport page",Totals!$B$5:$B$49,"Organic",Totals!$C$5:$C$49,"Total")+SUMIFS(Totals!$E$5:$E$49,Totals!$A$5:$A$49,"Airport page",Totals!$B$5:$B$49,"Direct",Totals!$C$5:$C$49,"Total") | E16: =IF(OR(C16="",D16="",D16=0,C16=0),"",D16/C16-1) | F16: =SUMIFS(Totals!$O$5:$O$49,Totals!$A$5:$A$49,"Airport page",Totals!$B$5:$B$49,"Paid Search",Totals!$C$5:$C$49,"Total")+SUMIFS(Totals!$O$5:$O$49,Totals!$A$5:$A$49,"Airport page",Totals!$B$5:$B$49,"Organic",Totals!$C$5:$C$49,"Total")+SUMIFS(Totals!$O$5:$O$49,Totals!$A$5:$A$49,"Airport page",Totals!$B$5:$B$49,"Direct",Totals!$C$5:$C$49,"Total") | G16: =SUMIFS(Totals!$P$5:$P$49,Totals!$A$5:$A$49,"Airport page",Totals!$B$5:$B$49,"Paid Search",Totals!$C$5:$C$49,"Total")+SUMIFS(Totals!$P$5:$P$49,Totals!$A$5:$A$49,"Airport page",Totals!$B$5:$B$49,"Organic",Totals!$C$5:$C$49,"Total")+SUMIFS(Totals!$P$5:$P$49,Totals!$A$5:$A$49,"Airport page",Totals!$B$5:$B$49,"Direct",Totals!$C$5:$C$49,"Total") | H16: =IF(OR(F16="",G16="",G16=0,F16=0),"",G16/F16-1) | I16: =SUMIFS(Totals!$AQ$5:$AQ$49,Totals!$A$5:$A$49,"Airport page",Totals!$B$5:$B$49,"Paid Search",Totals!$C$5:$C$49,"Total")+SUMIFS(Totals!$AQ$5:$AQ$49,Totals!$A$5:$A$49,"Airport page",Totals!$B$5:$B$49,"Organic",Totals!$C$5:$C$49,"Total")+SUMIFS(Totals!$AQ$5:$AQ$49,Totals!$A$5:$A$49,"Airport page",Totals!$B$5:$B$49,"Direct",Totals!$C$5:$C$49,"Total") | J16: =SUMIFS(Totals!$AR$5:$AR$49,Totals!$A$5:$A$49,"Airport page",Totals!$B$5:$B$49,"Paid Search",Totals!$C$5:$C$49,"Total")+SUMIFS(Totals!$AR$5:$AR$49,Totals!$A$5:$A$49,"Airport page",Totals!$B$5:$B$49,"Organic",Totals!$C$5:$C$49,"Total")+SUMIFS(Totals!$AR$5:$AR$49,Totals!$A$5:$A$49,"Airport page",Totals!$B$5:$B$49,"Direct",Totals!$C$5:$C$49,"Total") | K16: =IF(OR(I16="",J16="",J16=0,I16=0),"",J16/I16-1) | L16: =IF(OR(F16="",C16="",C16=0),"",F16/C16) | M16: =IF(OR(G16="",D16="",D16=0),"",G16/D16) | N16: =IF(OR(L16="",M16=""),"",(M16-L16)*100) | O16: =IF(OR(I16="",F16="",F16=0),"",I16/F16) | P16: =IF(OR(J16="",G16="",G16=0),"",J16/G16) | Q16: =IF(OR(O16="",P16=""),"",(P16-O16)*100) | R16: =IF(OR(I16="",C16="",C16=0),"",I16/C16) | S16: =IF(OR(J16="",D16="",D16=0),"",J16/D16) | T16: =IF(OR(R16="",S16=""),"",(S16-R16)*100)
A17: Route page | B17: Total | C17: =SUMIFS(Totals!$D$5:$D$49,Totals!$A$5:$A$49,"Route page",Totals!$B$5:$B$49,"Paid Search",Totals!$C$5:$C$49,"Total")+SUMIFS(Totals!$D$5:$D$49,Totals!$A$5:$A$49,"Route page",Totals!$B$5:$B$49,"Organic",Totals!$C$5:$C$49,"Total")+SUMIFS(Totals!$D$5:$D$49,Totals!$A$5:$A$49,"Route page",Totals!$B$5:$B$49,"Direct",Totals!$C$5:$C$49,"Total") | D17: =SUMIFS(Totals!$E$5:$E$49,Totals!$A$5:$A$49,"Route page",Totals!$B$5:$B$49,"Paid Search",Totals!$C$5:$C$49,"Total")+SUMIFS(Totals!$E$5:$E$49,Totals!$A$5:$A$49,"Route page",Totals!$B$5:$B$49,"Organic",Totals!$C$5:$C$49,"Total")+SUMIFS(Totals!$E$5:$E$49,Totals!$A$5:$A$49,"Route page",Totals!$B$5:$B$49,"Direct",Totals!$C$5:$C$49,"Total") | E17: =IF(OR(C17="",D17="",D17=0,C17=0),"",D17/C17-1) | F17: =SUMIFS(Totals!$O$5:$O$49,Totals!$A$5:$A$49,"Route page",Totals!$B$5:$B$49,"Paid Search",Totals!$C$5:$C$49,"Total")+SUMIFS(Totals!$O$5:$O$49,Totals!$A$5:$A$49,"Route page",Totals!$B$5:$B$49,"Organic",Totals!$C$5:$C$49,"Total")+SUMIFS(Totals!$O$5:$O$49,Totals!$A$5:$A$49,"Route page",Totals!$B$5:$B$49,"Direct",Totals!$C$5:$C$49,"Total") | G17: =SUMIFS(Totals!$P$5:$P$49,Totals!$A$5:$A$49,"Route page",Totals!$B$5:$B$49,"Paid Search",Totals!$C$5:$C$49,"Total")+SUMIFS(Totals!$P$5:$P$49,Totals!$A$5:$A$49,"Route page",Totals!$B$5:$B$49,"Organic",Totals!$C$5:$C$49,"Total")+SUMIFS(Totals!$P$5:$P$49,Totals!$A$5:$A$49,"Route page",Totals!$B$5:$B$49,"Direct",Totals!$C$5:$C$49,"Total") | H17: =IF(OR(F17="",G17="",G17=0,F17=0),"",G17/F17-1) | I17: =SUMIFS(Totals!$AQ$5:$AQ$49,Totals!$A$5:$A$49,"Route page",Totals!$B$5:$B$49,"Paid Search",Totals!$C$5:$C$49,"Total")+SUMIFS(Totals!$AQ$5:$AQ$49,Totals!$A$5:$A$49,"Route page",Totals!$B$5:$B$49,"Organic",Totals!$C$5:$C$49,"Total")+SUMIFS(Totals!$AQ$5:$AQ$49,Totals!$A$5:$A$49,"Route page",Totals!$B$5:$B$49,"Direct",Totals!$C$5:$C$49,"Total") | J17: =SUMIFS(Totals!$AR$5:$AR$49,Totals!$A$5:$A$49,"Route page",Totals!$B$5:$B$49,"Paid Search",Totals!$C$5:$C$49,"Total")+SUMIFS(Totals!$AR$5:$AR$49,Totals!$A$5:$A$49,"Route page",Totals!$B$5:$B$49,"Organic",Totals!$C$5:$C$49,"Total")+SUMIFS(Totals!$AR$5:$AR$49,Totals!$A$5:$A$49,"Route page",Totals!$B$5:$B$49,"Direct",Totals!$C$5:$C$49,"Total") | K17: =IF(OR(I17="",J17="",J17=0,I17=0),"",J17/I17-1) | L17: =IF(OR(F17="",C17="",C17=0),"",F17/C17) | M17: =IF(OR(G17="",D17="",D17=0),"",G17/D17) | N17: =IF(OR(L17="",M17=""),"",(M17-L17)*100) | O17: =IF(OR(I17="",F17="",F17=0),"",I17/F17) | P17: =IF(OR(J17="",G17="",G17=0),"",J17/G17) | Q17: =IF(OR(O17="",P17=""),"",(P17-O17)*100) | R17: =IF(OR(I17="",C17="",C17=0),"",I17/C17) | S17: =IF(OR(J17="",D17="",D17=0),"",J17/D17) | T17: =IF(OR(R17="",S17=""),"",(S17-R17)*100)
A18: Other pages (derived) | B18: Total | C18: =SUMIFS(Totals!$D$5:$D$49,Totals!$A$5:$A$49,"Other pages (derived)",Totals!$B$5:$B$49,"Paid Search",Totals!$C$5:$C$49,"Total")+SUMIFS(Totals!$D$5:$D$49,Totals!$A$5:$A$49,"Other pages (derived)",Totals!$B$5:$B$49,"Organic",Totals!$C$5:$C$49,"Total")+SUMIFS(Totals!$D$5:$D$49,Totals!$A$5:$A$49,"Other pages (derived)",Totals!$B$5:$B$49,"Direct",Totals!$C$5:$C$49,"Total") | D18: =SUMIFS(Totals!$E$5:$E$49,Totals!$A$5:$A$49,"Other pages (derived)",Totals!$B$5:$B$49,"Paid Search",Totals!$C$5:$C$49,"Total")+SUMIFS(Totals!$E$5:$E$49,Totals!$A$5:$A$49,"Other pages (derived)",Totals!$B$5:$B$49,"Organic",Totals!$C$5:$C$49,"Total")+SUMIFS(Totals!$E$5:$E$49,Totals!$A$5:$A$49,"Other pages (derived)",Totals!$B$5:$B$49,"Direct",Totals!$C$5:$C$49,"Total") | E18: =IF(OR(C18="",D18="",D18=0,C18=0),"",D18/C18-1) | F18: =SUMIFS(Totals!$O$5:$O$49,Totals!$A$5:$A$49,"Other pages (derived)",Totals!$B$5:$B$49,"Paid Search",Totals!$C$5:$C$49,"Total")+SUMIFS(Totals!$O$5:$O$49,Totals!$A$5:$A$49,"Other pages (derived)",Totals!$B$5:$B$49,"Organic",Totals!$C$5:$C$49,"Total")+SUMIFS(Totals!$O$5:$O$49,Totals!$A$5:$A$49,"Other pages (derived)",Totals!$B$5:$B$49,"Direct",Totals!$C$5:$C$49,"Total") | G18: =SUMIFS(Totals!$P$5:$P$49,Totals!$A$5:$A$49,"Other pages (derived)",Totals!$B$5:$B$49,"Paid Search",Totals!$C$5:$C$49,"Total")+SUMIFS(Totals!$P$5:$P$49,Totals!$A$5:$A$49,"Other pages (derived)",Totals!$B$5:$B$49,"Organic",Totals!$C$5:$C$49,"Total")+SUMIFS(Totals!$P$5:$P$49,Totals!$A$5:$A$49,"Other pages (derived)",Totals!$B$5:$B$49,"Direct",Totals!$C$5:$C$49,"Total") | H18: =IF(OR(F18="",G18="",G18=0,F18=0),"",G18/F18-1) | I18: =SUMIFS(Totals!$AQ$5:$AQ$49,Totals!$A$5:$A$49,"Other pages (derived)",Totals!$B$5:$B$49,"Paid Search",Totals!$C$5:$C$49,"Total")+SUMIFS(Totals!$AQ$5:$AQ$49,Totals!$A$5:$A$49,"Other pages (derived)",Totals!$B$5:$B$49,"Organic",Totals!$C$5:$C$49,"Total")+SUMIFS(Totals!$AQ$5:$AQ$49,Totals!$A$5:$A$49,"Other pages (derived)",Totals!$B$5:$B$49,"Direct",Totals!$C$5:$C$49,"Total") | J18: =SUMIFS(Totals!$AR$5:$AR$49,Totals!$A$5:$A$49,"Other pages (derived)",Totals!$B$5:$B$49,"Paid Search",Totals!$C$5:$C$49,"Total")+SUMIFS(Totals!$AR$5:$AR$49,Totals!$A$5:$A$49,"Other pages (derived)",Totals!$B$5:$B$49,"Organic",Totals!$C$5:$C$49,"Total")+SUMIFS(Totals!$AR$5:$AR$49,Totals!$A$5:$A$49,"Other pages (derived)",Totals!$B$5:$B$49,"Direct",Totals!$C$5:$C$49,"Total") | K18: =IF(OR(I18="",J18="",J18=0,I18=0),"",J18/I18-1) | L18: =IF(OR(F18="",C18="",C18=0),"",F18/C18) | M18: =IF(OR(G18="",D18="",D18=0),"",G18/D18) | N18: =IF(OR(L18="",M18=""),"",(M18-L18)*100) | O18: =IF(OR(I18="",F18="",F18=0),"",I18/F18) | P18: =IF(OR(J18="",G18="",G18=0),"",J18/G18) | Q18: =IF(OR(O18="",P18=""),"",(P18-O18)*100) | R18: =IF(OR(I18="",C18="",C18=0),"",I18/C18) | S18: =IF(OR(J18="",D18="",D18=0),"",J18/D18) | T18: =IF(OR(R18="",S18=""),"",(S18-R18)*100)
A20: By device (3 channels combined, all landing pages)
A21: All traffic | B21: Total | C21: =SUMIFS(Totals!$D$5:$D$49,Totals!$A$5:$A$49,"All landing pages",Totals!$B$5:$B$49,"Paid Search",Totals!$C$5:$C$49,"Total")+SUMIFS(Totals!$D$5:$D$49,Totals!$A$5:$A$49,"All landing pages",Totals!$B$5:$B$49,"Organic",Totals!$C$5:$C$49,"Total")+SUMIFS(Totals!$D$5:$D$49,Totals!$A$5:$A$49,"All landing pages",Totals!$B$5:$B$49,"Direct",Totals!$C$5:$C$49,"Total") | D21: =SUMIFS(Totals!$E$5:$E$49,Totals!$A$5:$A$49,"All landing pages",Totals!$B$5:$B$49,"Paid Search",Totals!$C$5:$C$49,"Total")+SUMIFS(Totals!$E$5:$E$49,Totals!$A$5:$A$49,"All landing pages",Totals!$B$5:$B$49,"Organic",Totals!$C$5:$C$49,"Total")+SUMIFS(Totals!$E$5:$E$49,Totals!$A$5:$A$49,"All landing pages",Totals!$B$5:$B$49,"Direct",Totals!$C$5:$C$49,"Total") | E21: =IF(OR(C21="",D21="",D21=0,C21=0),"",D21/C21-1) | F21: =SUMIFS(Totals!$O$5:$O$49,Totals!$A$5:$A$49,"All landing pages",Totals!$B$5:$B$49,"Paid Search",Totals!$C$5:$C$49,"Total")+SUMIFS(Totals!$O$5:$O$49,Totals!$A$5:$A$49,"All landing pages",Totals!$B$5:$B$49,"Organic",Totals!$C$5:$C$49,"Total")+SUMIFS(Totals!$O$5:$O$49,Totals!$A$5:$A$49,"All landing pages",Totals!$B$5:$B$49,"Direct",Totals!$C$5:$C$49,"Total") | G21: =SUMIFS(Totals!$P$5:$P$49,Totals!$A$5:$A$49,"All landing pages",Totals!$B$5:$B$49,"Paid Search",Totals!$C$5:$C$49,"Total")+SUMIFS(Totals!$P$5:$P$49,Totals!$A$5:$A$49,"All landing pages",Totals!$B$5:$B$49,"Organic",Totals!$C$5:$C$49,"Total")+SUMIFS(Totals!$P$5:$P$49,Totals!$A$5:$A$49,"All landing pages",Totals!$B$5:$B$49,"Direct",Totals!$C$5:$C$49,"Total") | H21: =IF(OR(F21="",G21="",G21=0,F21=0),"",G21/F21-1) | I21: =SUMIFS(Totals!$AQ$5:$AQ$49,Totals!$A$5:$A$49,"All landing pages",Totals!$B$5:$B$49,"Paid Search",Totals!$C$5:$C$49,"Total")+SUMIFS(Totals!$AQ$5:$AQ$49,Totals!$A$5:$A$49,"All landing pages",Totals!$B$5:$B$49,"Organic",Totals!$C$5:$C$49,"Total")+SUMIFS(Totals!$AQ$5:$AQ$49,Totals!$A$5:$A$49,"All landing pages",Totals!$B$5:$B$49,"Direct",Totals!$C$5:$C$49,"Total") | J21: =SUMIFS(Totals!$AR$5:$AR$49,Totals!$A$5:$A$49,"All landing pages",Totals!$B$5:$B$49,"Paid Search",Totals!$C$5:$C$49,"Total")+SUMIFS(Totals!$AR$5:$AR$49,Totals!$A$5:$A$49,"All landing pages",Totals!$B$5:$B$49,"Organic",Totals!$C$5:$C$49,"Total")+SUMIFS(Totals!$AR$5:$AR$49,Totals!$A$5:$A$49,"All landing pages",Totals!$B$5:$B$49,"Direct",Totals!$C$5:$C$49,"Total") | K21: =IF(OR(I21="",J21="",J21=0,I21=0),"",J21/I21-1) | L21: =IF(OR(F21="",C21="",C21=0),"",F21/C21) | M21: =IF(OR(G21="",D21="",D21=0),"",G21/D21) | N21: =IF(OR(L21="",M21=""),"",(M21-L21)*100) | O21: =IF(OR(I21="",F21="",F21=0),"",I21/F21) | P21: =IF(OR(J21="",G21="",G21=0),"",J21/G21) | Q21: =IF(OR(O21="",P21=""),"",(P21-O21)*100) | R21: =IF(OR(I21="",C21="",C21=0),"",I21/C21) | S21: =IF(OR(J21="",D21="",D21=0),"",J21/D21) | T21: =IF(OR(R21="",S21=""),"",(S21-R21)*100)
A22: All traffic | B22: Mobile | C22: =SUMIFS(Totals!$D$5:$D$49,Totals!$A$5:$A$49,"All landing pages",Totals!$B$5:$B$49,"Paid Search",Totals!$C$5:$C$49,"Mobile")+SUMIFS(Totals!$D$5:$D$49,Totals!$A$5:$A$49,"All landing pages",Totals!$B$5:$B$49,"Organic",Totals!$C$5:$C$49,"Mobile")+SUMIFS(Totals!$D$5:$D$49,Totals!$A$5:$A$49,"All landing pages",Totals!$B$5:$B$49,"Direct",Totals!$C$5:$C$49,"Mobile") | D22: =SUMIFS(Totals!$E$5:$E$49,Totals!$A$5:$A$49,"All landing pages",Totals!$B$5:$B$49,"Paid Search",Totals!$C$5:$C$49,"Mobile")+SUMIFS(Totals!$E$5:$E$49,Totals!$A$5:$A$49,"All landing pages",Totals!$B$5:$B$49,"Organic",Totals!$C$5:$C$49,"Mobile")+SUMIFS(Totals!$E$5:$E$49,Totals!$A$5:$A$49,"All landing pages",Totals!$B$5:$B$49,"Direct",Totals!$C$5:$C$49,"Mobile") | E22: =IF(OR(C22="",D22="",D22=0,C22=0),"",D22/C22-1) | F22: =SUMIFS(Totals!$O$5:$O$49,Totals!$A$5:$A$49,"All landing pages",Totals!$B$5:$B$49,"Paid Search",Totals!$C$5:$C$49,"Mobile")+SUMIFS(Totals!$O$5:$O$49,Totals!$A$5:$A$49,"All landing pages",Totals!$B$5:$B$49,"Organic",Totals!$C$5:$C$49,"Mobile")+SUMIFS(Totals!$O$5:$O$49,Totals!$A$5:$A$49,"All landing pages",Totals!$B$5:$B$49,"Direct",Totals!$C$5:$C$49,"Mobile") | G22: =SUMIFS(Totals!$P$5:$P$49,Totals!$A$5:$A$49,"All landing pages",Totals!$B$5:$B$49,"Paid Search",Totals!$C$5:$C$49,"Mobile")+SUMIFS(Totals!$P$5:$P$49,Totals!$A$5:$A$49,"All landing pages",Totals!$B$5:$B$49,"Organic",Totals!$C$5:$C$49,"Mobile")+SUMIFS(Totals!$P$5:$P$49,Totals!$A$5:$A$49,"All landing pages",Totals!$B$5:$B$49,"Direct",Totals!$C$5:$C$49,"Mobile") | H22: =IF(OR(F22="",G22="",G22=0,F22=0),"",G22/F22-1) | I22: =SUMIFS(Totals!$AQ$5:$AQ$49,Totals!$A$5:$A$49,"All landing pages",Totals!$B$5:$B$49,"Paid Search",Totals!$C$5:$C$49,"Mobile")+SUMIFS(Totals!$AQ$5:$AQ$49,Totals!$A$5:$A$49,"All landing pages",Totals!$B$5:$B$49,"Organic",Totals!$C$5:$C$49,"Mobile")+SUMIFS(Totals!$AQ$5:$AQ$49,Totals!$A$5:$A$49,"All landing pages",Totals!$B$5:$B$49,"Direct",Totals!$C$5:$C$49,"Mobile") | J22: =SUMIFS(Totals!$AR$5:$AR$49,Totals!$A$5:$A$49,"All landing pages",Totals!$B$5:$B$49,"Paid Search",Totals!$C$5:$C$49,"Mobile")+SUMIFS(Totals!$AR$5:$AR$49,Totals!$A$5:$A$49,"All landing pages",Totals!$B$5:$B$49,"Organic",Totals!$C$5:$C$49,"Mobile")+SUMIFS(Totals!$AR$5:$AR$49,Totals!$A$5:$A$49,"All landing pages",Totals!$B$5:$B$49,"Direct",Totals!$C$5:$C$49,"Mobile") | K22: =IF(OR(I22="",J22="",J22=0,I22=0),"",J22/I22-1) | L22: =IF(OR(F22="",C22="",C22=0),"",F22/C22) | M22: =IF(OR(G22="",D22="",D22=0),"",G22/D22) | N22: =IF(OR(L22="",M22=""),"",(M22-L22)*100) | O22: =IF(OR(I22="",F22="",F22=0),"",I22/F22) | P22: =IF(OR(J22="",G22="",G22=0),"",J22/G22) | Q22: =IF(OR(O22="",P22=""),"",(P22-O22)*100) | R22: =IF(OR(I22="",C22="",C22=0),"",I22/C22) | S22: =IF(OR(J22="",D22="",D22=0),"",J22/D22) | T22: =IF(OR(R22="",S22=""),"",(S22-R22)*100)
A23: All traffic | B23: Desktop | C23: =SUMIFS(Totals!$D$5:$D$49,Totals!$A$5:$A$49,"All landing pages",Totals!$B$5:$B$49,"Paid Search",Totals!$C$5:$C$49,"Desktop")+SUMIFS(Totals!$D$5:$D$49,Totals!$A$5:$A$49,"All landing pages",Totals!$B$5:$B$49,"Organic",Totals!$C$5:$C$49,"Desktop")+SUMIFS(Totals!$D$5:$D$49,Totals!$A$5:$A$49,"All landing pages",Totals!$B$5:$B$49,"Direct",Totals!$C$5:$C$49,"Desktop") | D23: =SUMIFS(Totals!$E$5:$E$49,Totals!$A$5:$A$49,"All landing pages",Totals!$B$5:$B$49,"Paid Search",Totals!$C$5:$C$49,"Desktop")+SUMIFS(Totals!$E$5:$E$49,Totals!$A$5:$A$49,"All landing pages",Totals!$B$5:$B$49,"Organic",Totals!$C$5:$C$49,"Desktop")+SUMIFS(Totals!$E$5:$E$49,Totals!$A$5:$A$49,"All landing pages",Totals!$B$5:$B$49,"Direct",Totals!$C$5:$C$49,"Desktop") | E23: =IF(OR(C23="",D23="",D23=0,C23=0),"",D23/C23-1) | F23: =SUMIFS(Totals!$O$5:$O$49,Totals!$A$5:$A$49,"All landing pages",Totals!$B$5:$B$49,"Paid Search",Totals!$C$5:$C$49,"Desktop")+SUMIFS(Totals!$O$5:$O$49,Totals!$A$5:$A$49,"All landing pages",Totals!$B$5:$B$49,"Organic",Totals!$C$5:$C$49,"Desktop")+SUMIFS(Totals!$O$5:$O$49,Totals!$A$5:$A$49,"All landing pages",Totals!$B$5:$B$49,"Direct",Totals!$C$5:$C$49,"Desktop") | G23: =SUMIFS(Totals!$P$5:$P$49,Totals!$A$5:$A$49,"All landing pages",Totals!$B$5:$B$49,"Paid Search",Totals!$C$5:$C$49,"Desktop")+SUMIFS(Totals!$P$5:$P$49,Totals!$A$5:$A$49,"All landing pages",Totals!$B$5:$B$49,"Organic",Totals!$C$5:$C$49,"Desktop")+SUMIFS(Totals!$P$5:$P$49,Totals!$A$5:$A$49,"All landing pages",Totals!$B$5:$B$49,"Direct",Totals!$C$5:$C$49,"Desktop") | H23: =IF(OR(F23="",G23="",G23=0,F23=0),"",G23/F23-1) | I23: =SUMIFS(Totals!$AQ$5:$AQ$49,Totals!$A$5:$A$49,"All landing pages",Totals!$B$5:$B$49,"Paid Search",Totals!$C$5:$C$49,"Desktop")+SUMIFS(Totals!$AQ$5:$AQ$49,Totals!$A$5:$A$49,"All landing pages",Totals!$B$5:$B$49,"Organic",Totals!$C$5:$C$49,"Desktop")+SUMIFS(Totals!$AQ$5:$AQ$49,Totals!$A$5:$A$49,"All landing pages",Totals!$B$5:$B$49,"Direct",Totals!$C$5:$C$49,"Desktop") | J23: =SUMIFS(Totals!$AR$5:$AR$49,Totals!$A$5:$A$49,"All landing pages",Totals!$B$5:$B$49,"Paid Search",Totals!$C$5:$C$49,"Desktop")+SUMIFS(Totals!$AR$5:$AR$49,Totals!$A$5:$A$49,"All landing pages",Totals!$B$5:$B$49,"Organic",Totals!$C$5:$C$49,"Desktop")+SUMIFS(Totals!$AR$5:$AR$49,Totals!$A$5:$A$49,"All landing pages",Totals!$B$5:$B$49,"Direct",Totals!$C$5:$C$49,"Desktop") | K23: =IF(OR(I23="",J23="",J23=0,I23=0),"",J23/I23-1) | L23: =IF(OR(F23="",C23="",C23=0),"",F23/C23) | M23: =IF(OR(G23="",D23="",D23=0),"",G23/D23) | N23: =IF(OR(L23="",M23=""),"",(M23-L23)*100) | O23: =IF(OR(I23="",F23="",F23=0),"",I23/F23) | P23: =IF(OR(J23="",G23="",G23=0),"",J23/G23) | Q23: =IF(OR(O23="",P23=""),"",(P23-O23)*100) | R23: =IF(OR(I23="",C23="",C23=0),"",I23/C23) | S23: =IF(OR(J23="",D23="",D23=0),"",J23/D23) | T23: =IF(OR(R23="",S23=""),"",(S23-R23)*100)
A25: By channel × device
A26: Paid Search | B26: Mobile | C26: =SUMIFS(Totals!$D$5:$D$49,Totals!$A$5:$A$49,"All landing pages",Totals!$B$5:$B$49,"Paid Search",Totals!$C$5:$C$49,"Mobile") | D26: =SUMIFS(Totals!$E$5:$E$49,Totals!$A$5:$A$49,"All landing pages",Totals!$B$5:$B$49,"Paid Search",Totals!$C$5:$C$49,"Mobile") | E26: =IF(OR(C26="",D26="",D26=0,C26=0),"",D26/C26-1) | F26: =SUMIFS(Totals!$O$5:$O$49,Totals!$A$5:$A$49,"All landing pages",Totals!$B$5:$B$49,"Paid Search",Totals!$C$5:$C$49,"Mobile") | G26: =SUMIFS(Totals!$P$5:$P$49,Totals!$A$5:$A$49,"All landing pages",Totals!$B$5:$B$49,"Paid Search",Totals!$C$5:$C$49,"Mobile") | H26: =IF(OR(F26="",G26="",G26=0,F26=0),"",G26/F26-1) | I26: =SUMIFS(Totals!$AQ$5:$AQ$49,Totals!$A$5:$A$49,"All landing pages",Totals!$B$5:$B$49,"Paid Search",Totals!$C$5:$C$49,"Mobile") | J26: =SUMIFS(Totals!$AR$5:$AR$49,Totals!$A$5:$A$49,"All landing pages",Totals!$B$5:$B$49,"Paid Search",Totals!$C$5:$C$49,"Mobile") | K26: =IF(OR(I26="",J26="",J26=0,I26=0),"",J26/I26-1) | L26: =IF(OR(F26="",C26="",C26=0),"",F26/C26) | M26: =IF(OR(G26="",D26="",D26=0),"",G26/D26) | N26: =IF(OR(L26="",M26=""),"",(M26-L26)*100) | O26: =IF(OR(I26="",F26="",F26=0),"",I26/F26) | P26: =IF(OR(J26="",G26="",G26=0),"",J26/G26) | Q26: =IF(OR(O26="",P26=""),"",(P26-O26)*100) | R26: =IF(OR(I26="",C26="",C26=0),"",I26/C26) | S26: =IF(OR(J26="",D26="",D26=0),"",J26/D26) | T26: =IF(OR(R26="",S26=""),"",(S26-R26)*100)
A27: Paid Search | B27: Desktop | C27: =SUMIFS(Totals!$D$5:$D$49,Totals!$A$5:$A$49,"All landing pages",Totals!$B$5:$B$49,"Paid Search",Totals!$C$5:$C$49,"Desktop") | D27: =SUMIFS(Totals!$E$5:$E$49,Totals!$A$5:$A$49,"All landing pages",Totals!$B$5:$B$49,"Paid Search",Totals!$C$5:$C$49,"Desktop") | E27: =IF(OR(C27="",D27="",D27=0,C27=0),"",D27/C27-1) | F27: =SUMIFS(Totals!$O$5:$O$49,Totals!$A$5:$A$49,"All landing pages",Totals!$B$5:$B$49,"Paid Search",Totals!$C$5:$C$49,"Desktop") | G27: =SUMIFS(Totals!$P$5:$P$49,Totals!$A$5:$A$49,"All landing pages",Totals!$B$5:$B$49,"Paid Search",Totals!$C$5:$C$49,"Desktop") | H27: =IF(OR(F27="",G27="",G27=0,F27=0),"",G27/F27-1) | I27: =SUMIFS(Totals!$AQ$5:$AQ$49,Totals!$A$5:$A$49,"All landing pages",Totals!$B$5:$B$49,"Paid Search",Totals!$C$5:$C$49,"Desktop") | J27: =SUMIFS(Totals!$AR$5:$AR$49,Totals!$A$5:$A$49,"All landing pages",Totals!$B$5:$B$49,"Paid Search",Totals!$C$5:$C$49,"Desktop") | K27: =IF(OR(I27="",J27="",J27=0,I27=0),"",J27/I27-1) | L27: =IF(OR(F27="",C27="",C27=0),"",F27/C27) | M27: =IF(OR(G27="",D27="",D27=0),"",G27/D27) | N27: =IF(OR(L27="",M27=""),"",(M27-L27)*100) | O27: =IF(OR(I27="",F27="",F27=0),"",I27/F27) | P27: =IF(OR(J27="",G27="",G27=0),"",J27/G27) | Q27: =IF(OR(O27="",P27=""),"",(P27-O27)*100) | R27: =IF(OR(I27="",C27="",C27=0),"",I27/C27) | S27: =IF(OR(J27="",D27="",D27=0),"",J27/D27) | T27: =IF(OR(R27="",S27=""),"",(S27-R27)*100)
A28: Organic | B28: Mobile | C28: =SUMIFS(Totals!$D$5:$D$49,Totals!$A$5:$A$49,"All landing pages",Totals!$B$5:$B$49,"Organic",Totals!$C$5:$C$49,"Mobile") | D28: =SUMIFS(Totals!$E$5:$E$49,Totals!$A$5:$A$49,"All landing pages",Totals!$B$5:$B$49,"Organic",Totals!$C$5:$C$49,"Mobile") | E28: =IF(OR(C28="",D28="",D28=0,C28=0),"",D28/C28-1) | F28: =SUMIFS(Totals!$O$5:$O$49,Totals!$A$5:$A$49,"All landing pages",Totals!$B$5:$B$49,"Organic",Totals!$C$5:$C$49,"Mobile") | G28: =SUMIFS(Totals!$P$5:$P$49,Totals!$A$5:$A$49,"All landing pages",Totals!$B$5:$B$49,"Organic",Totals!$C$5:$C$49,"Mobile") | H28: =IF(OR(F28="",G28="",G28=0,F28=0),"",G28/F28-1) | I28: =SUMIFS(Totals!$AQ$5:$AQ$49,Totals!$A$5:$A$49,"All landing pages",Totals!$B$5:$B$49,"Organic",Totals!$C$5:$C$49,"Mobile") | J28: =SUMIFS(Totals!$AR$5:$AR$49,Totals!$A$5:$A$49,"All landing pages",Totals!$B$5:$B$49,"Organic",Totals!$C$5:$C$49,"Mobile") | K28: =IF(OR(I28="",J28="",J28=0,I28=0),"",J28/I28-1) | L28: =IF(OR(F28="",C28="",C28=0),"",F28/C28) | M28: =IF(OR(G28="",D28="",D28=0),"",G28/D28) | N28: =IF(OR(L28="",M28=""),"",(M28-L28)*100) | O28: =IF(OR(I28="",F28="",F28=0),"",I28/F28) | P28: =IF(OR(J28="",G28="",G28=0),"",J28/G28) | Q28: =IF(OR(O28="",P28=""),"",(P28-O28)*100) | R28: =IF(OR(I28="",C28="",C28=0),"",I28/C28) | S28: =IF(OR(J28="",D28="",D28=0),"",J28/D28) | T28: =IF(OR(R28="",S28=""),"",(S28-R28)*100)
A29: Organic | B29: Desktop | C29: =SUMIFS(Totals!$D$5:$D$49,Totals!$A$5:$A$49,"All landing pages",Totals!$B$5:$B$49,"Organic",Totals!$C$5:$C$49,"Desktop") | D29: =SUMIFS(Totals!$E$5:$E$49,Totals!$A$5:$A$49,"All landing pages",Totals!$B$5:$B$49,"Organic",Totals!$C$5:$C$49,"Desktop") | E29: =IF(OR(C29="",D29="",D29=0,C29=0),"",D29/C29-1) | F29: =SUMIFS(Totals!$O$5:$O$49,Totals!$A$5:$A$49,"All landing pages",Totals!$B$5:$B$49,"Organic",Totals!$C$5:$C$49,"Desktop") | G29: =SUMIFS(Totals!$P$5:$P$49,Totals!$A$5:$A$49,"All landing pages",Totals!$B$5:$B$49,"Organic",Totals!$C$5:$C$49,"Desktop") | H29: =IF(OR(F29="",G29="",G29=0,F29=0),"",G29/F29-1) | I29: =SUMIFS(Totals!$AQ$5:$AQ$49,Totals!$A$5:$A$49,"All landing pages",Totals!$B$5:$B$49,"Organic",Totals!$C$5:$C$49,"Desktop") | J29: =SUMIFS(Totals!$AR$5:$AR$49,Totals!$A$5:$A$49,"All landing pages",Totals!$B$5:$B$49,"Organic",Totals!$C$5:$C$49,"Desktop") | K29: =IF(OR(I29="",J29="",J29=0,I29=0),"",J29/I29-1) | L29: =IF(OR(F29="",C29="",C29=0),"",F29/C29) | M29: =IF(OR(G29="",D29="",D29=0),"",G29/D29) | N29: =IF(OR(L29="",M29=""),"",(M29-L29)*100) | O29: =IF(OR(I29="",F29="",F29=0),"",I29/F29) | P29: =IF(OR(J29="",G29="",G29=0),"",J29/G29) | Q29: =IF(OR(O29="",P29=""),"",(P29-O29)*100) | R29: =IF(OR(I29="",C29="",C29=0),"",I29/C29) | S29: =IF(OR(J29="",D29="",D29=0),"",J29/D29) | T29: =IF(OR(R29="",S29=""),"",(S29-R29)*100)
A30: Direct | B30: Mobile | C30: =SUMIFS(Totals!$D$5:$D$49,Totals!$A$5:$A$49,"All landing pages",Totals!$B$5:$B$49,"Direct",Totals!$C$5:$C$49,"Mobile") | D30: =SUMIFS(Totals!$E$5:$E$49,Totals!$A$5:$A$49,"All landing pages",Totals!$B$5:$B$49,"Direct",Totals!$C$5:$C$49,"Mobile") | E30: =IF(OR(C30="",D30="",D30=0,C30=0),"",D30/C30-1) | F30: =SUMIFS(Totals!$O$5:$O$49,Totals!$A$5:$A$49,"All landing pages",Totals!$B$5:$B$49,"Direct",Totals!$C$5:$C$49,"Mobile") | G30: =SUMIFS(Totals!$P$5:$P$49,Totals!$A$5:$A$49,"All landing pages",Totals!$B$5:$B$49,"Direct",Totals!$C$5:$C$49,"Mobile") | H30: =IF(OR(F30="",G30="",G30=0,F30=0),"",G30/F30-1) | I30: =SUMIFS(Totals!$AQ$5:$AQ$49,Totals!$A$5:$A$49,"All landing pages",Totals!$B$5:$B$49,"Direct",Totals!$C$5:$C$49,"Mobile") | J30: =SUMIFS(Totals!$AR$5:$AR$49,Totals!$A$5:$A$49,"All landing pages",Totals!$B$5:$B$49,"Direct",Totals!$C$5:$C$49,"Mobile") | K30: =IF(OR(I30="",J30="",J30=0,I30=0),"",J30/I30-1) | L30: =IF(OR(F30="",C30="",C30=0),"",F30/C30) | M30: =IF(OR(G30="",D30="",D30=0),"",G30/D30) | N30: =IF(OR(L30="",M30=""),"",(M30-L30)*100) | O30: =IF(OR(I30="",F30="",F30=0),"",I30/F30) | P30: =IF(OR(J30="",G30="",G30=0),"",J30/G30) | Q30: =IF(OR(O30="",P30=""),"",(P30-O30)*100) | R30: =IF(OR(I30="",C30="",C30=0),"",I30/C30) | S30: =IF(OR(J30="",D30="",D30=0),"",J30/D30) | T30: =IF(OR(R30="",S30=""),"",(S30-R30)*100)
A31: Direct | B31: Desktop | C31: =SUMIFS(Totals!$D$5:$D$49,Totals!$A$5:$A$49,"All landing pages",Totals!$B$5:$B$49,"Direct",Totals!$C$5:$C$49,"Desktop") | D31: =SUMIFS(Totals!$E$5:$E$49,Totals!$A$5:$A$49,"All landing pages",Totals!$B$5:$B$49,"Direct",Totals!$C$5:$C$49,"Desktop") | E31: =IF(OR(C31="",D31="",D31=0,C31=0),"",D31/C31-1) | F31: =SUMIFS(Totals!$O$5:$O$49,Totals!$A$5:$A$49,"All landing pages",Totals!$B$5:$B$49,"Direct",Totals!$C$5:$C$49,"Desktop") | G31: =SUMIFS(Totals!$P$5:$P$49,Totals!$A$5:$A$49,"All landing pages",Totals!$B$5:$B$49,"Direct",Totals!$C$5:$C$49,"Desktop") | H31: =IF(OR(F31="",G31="",G31=0,F31=0),"",G31/F31-1) | I31: =SUMIFS(Totals!$AQ$5:$AQ$49,Totals!$A$5:$A$49,"All landing pages",Totals!$B$5:$B$49,"Direct",Totals!$C$5:$C$49,"Desktop") | J31: =SUMIFS(Totals!$AR$5:$AR$49,Totals!$A$5:$A$49,"All landing pages",Totals!$B$5:$B$49,"Direct",Totals!$C$5:$C$49,"Desktop") | K31: =IF(OR(I31="",J31="",J31=0,I31=0),"",J31/I31-1) | L31: =IF(OR(F31="",C31="",C31=0),"",F31/C31) | M31: =IF(OR(G31="",D31="",D31=0),"",G31/D31) | N31: =IF(OR(L31="",M31=""),"",(M31-L31)*100) | O31: =IF(OR(I31="",F31="",F31=0),"",I31/F31) | P31: =IF(OR(J31="",G31="",G31=0),"",J31/G31) | Q31: =IF(OR(O31="",P31=""),"",(P31-O31)*100) | R31: =IF(OR(I31="",C31="",C31=0),"",I31/C31) | S31: =IF(OR(J31="",D31="",D31=0),"",J31/D31) | T31: =IF(OR(R31="",S31=""),"",(S31-R31)*100)
A33: By market (all landing pages, all channels, Mobile + Desktop — Looker visible rows only)
A34: United Kingdom | B34: All | C34: =IF(SUMIFS(Countries!$E$5:$E$434,Countries!$A$5:$A$434,"All landing pages",Countries!$D$5:$D$434,$A34)=0,"",SUMIFS(Countries!$E$5:$E$434,Countries!$A$5:$A$434,"All landing pages",Countries!$D$5:$D$434,$A34)) | D34: =IF(SUMIFS(Countries!$F$5:$F$434,Countries!$A$5:$A$434,"All landing pages",Countries!$D$5:$D$434,$A34)=0,"",SUMIFS(Countries!$F$5:$F$434,Countries!$A$5:$A$434,"All landing pages",Countries!$D$5:$D$434,$A34)) | E34: =IF(OR(C34="",D34="",D34=0,C34=0),"",D34/C34-1) | F34: =IF(SUMIFS(Countries!$P$5:$P$434,Countries!$A$5:$A$434,"All landing pages",Countries!$D$5:$D$434,$A34)=0,"",SUMIFS(Countries!$P$5:$P$434,Countries!$A$5:$A$434,"All landing pages",Countries!$D$5:$D$434,$A34)) | G34: =IF(SUMIFS(Countries!$Q$5:$Q$434,Countries!$A$5:$A$434,"All landing pages",Countries!$D$5:$D$434,$A34)=0,"",SUMIFS(Countries!$Q$5:$Q$434,Countries!$A$5:$A$434,"All landing pages",Countries!$D$5:$D$434,$A34)) | H34: =IF(OR(F34="",G34="",G34=0,F34=0),"",G34/F34-1) | I34: =IF(SUMIFS(Countries!$AR$5:$AR$434,Countries!$A$5:$A$434,"All landing pages",Countries!$D$5:$D$434,$A34)=0,"",SUMIFS(Countries!$AR$5:$AR$434,Countries!$A$5:$A$434,"All landing pages",Countries!$D$5:$D$434,$A34)) | J34: =IF(SUMIFS(Countries!$AS$5:$AS$434,Countries!$A$5:$A$434,"All landing pages",Countries!$D$5:$D$434,$A34)=0,"",SUMIFS(Countries!$AS$5:$AS$434,Countries!$A$5:$A$434,"All landing pages",Countries!$D$5:$D$434,$A34)) | K34: =IF(OR(I34="",J34="",J34=0,I34=0),"",J34/I34-1) | L34: =IF(SUMIFS(Countries!$E$5:$E$434,Countries!$A$5:$A$434,"All landing pages",Countries!$D$5:$D$434,$A34,Countries!$P$5:$P$434,">0")=0,"",SUMIFS(Countries!$P$5:$P$434,Countries!$A$5:$A$434,"All landing pages",Countries!$D$5:$D$434,$A34,Countries!$E$5:$E$434,">0")/SUMIFS(Countries!$E$5:$E$434,Countries!$A$5:$A$434,"All landing pages",Countries!$D$5:$D$434,$A34,Countries!$P$5:$P$434,">0")) | M34: =IF(SUMIFS(Countries!$F$5:$F$434,Countries!$A$5:$A$434,"All landing pages",Countries!$D$5:$D$434,$A34,Countries!$Q$5:$Q$434,">0")=0,"",SUMIFS(Countries!$Q$5:$Q$434,Countries!$A$5:$A$434,"All landing pages",Countries!$D$5:$D$434,$A34,Countries!$F$5:$F$434,">0")/SUMIFS(Countries!$F$5:$F$434,Countries!$A$5:$A$434,"All landing pages",Countries!$D$5:$D$434,$A34,Countries!$Q$5:$Q$434,">0")) | N34: =IF(OR(L34="",M34=""),"",(M34-L34)*100) | O34: =IF(SUMIFS(Countries!$P$5:$P$434,Countries!$A$5:$A$434,"All landing pages",Countries!$D$5:$D$434,$A34,Countries!$AR$5:$AR$434,">0")=0,"",SUMIFS(Countries!$AR$5:$AR$434,Countries!$A$5:$A$434,"All landing pages",Countries!$D$5:$D$434,$A34,Countries!$P$5:$P$434,">0")/SUMIFS(Countries!$P$5:$P$434,Countries!$A$5:$A$434,"All landing pages",Countries!$D$5:$D$434,$A34,Countries!$AR$5:$AR$434,">0")) | P34: =IF(SUMIFS(Countries!$Q$5:$Q$434,Countries!$A$5:$A$434,"All landing pages",Countries!$D$5:$D$434,$A34,Countries!$AS$5:$AS$434,">0")=0,"",SUMIFS(Countries!$AS$5:$AS$434,Countries!$A$5:$A$434,"All landing pages",Countries!$D$5:$D$434,$A34,Countries!$Q$5:$Q$434,">0")/SUMIFS(Countries!$Q$5:$Q$434,Countries!$A$5:$A$434,"All landing pages",Countries!$D$5:$D$434,$A34,Countries!$AS$5:$AS$434,">0")) | Q34: =IF(OR(O34="",P34=""),"",(P34-O34)*100) | R34: =IF(SUMIFS(Countries!$E$5:$E$434,Countries!$A$5:$A$434,"All landing pages",Countries!$D$5:$D$434,$A34,Countries!$AR$5:$AR$434,">0")=0,"",SUMIFS(Countries!$AR$5:$AR$434,Countries!$A$5:$A$434,"All landing pages",Countries!$D$5:$D$434,$A34,Countries!$E$5:$E$434,">0")/SUMIFS(Countries!$E$5:$E$434,Countries!$A$5:$A$434,"All landing pages",Countries!$D$5:$D$434,$A34,Countries!$AR$5:$AR$434,">0")) | S34: =IF(SUMIFS(Countries!$F$5:$F$434,Countries!$A$5:$A$434,"All landing pages",Countries!$D$5:$D$434,$A34,Countries!$AS$5:$AS$434,">0")=0,"",SUMIFS(Countries!$AS$5:$AS$434,Countries!$A$5:$A$434,"All landing pages",Countries!$D$5:$D$434,$A34,Countries!$F$5:$F$434,">0")/SUMIFS(Countries!$F$5:$F$434,Countries!$A$5:$A$434,"All landing pages",Countries!$D$5:$D$434,$A34,Countries!$AS$5:$AS$434,">0")) | T34: =IF(OR(R34="",S34=""),"",(S34-R34)*100)
A35: Germany | B35: All | C35: =IF(SUMIFS(Countries!$E$5:$E$434,Countries!$A$5:$A$434,"All landing pages",Countries!$D$5:$D$434,$A35)=0,"",SUMIFS(Countries!$E$5:$E$434,Countries!$A$5:$A$434,"All landing pages",Countries!$D$5:$D$434,$A35)) | D35: =IF(SUMIFS(Countries!$F$5:$F$434,Countries!$A$5:$A$434,"All landing pages",Countries!$D$5:$D$434,$A35)=0,"",SUMIFS(Countries!$F$5:$F$434,Countries!$A$5:$A$434,"All landing pages",Countries!$D$5:$D$434,$A35)) | E35: =IF(OR(C35="",D35="",D35=0,C35=0),"",D35/C35-1) | F35: =IF(SUMIFS(Countries!$P$5:$P$434,Countries!$A$5:$A$434,"All landing pages",Countries!$D$5:$D$434,$A35)=0,"",SUMIFS(Countries!$P$5:$P$434,Countries!$A$5:$A$434,"All landing pages",Countries!$D$5:$D$434,$A35)) | G35: =IF(SUMIFS(Countries!$Q$5:$Q$434,Countries!$A$5:$A$434,"All landing pages",Countries!$D$5:$D$434,$A35)=0,"",SUMIFS(Countries!$Q$5:$Q$434,Countries!$A$5:$A$434,"All landing pages",Countries!$D$5:$D$434,$A35)) | H35: =IF(OR(F35="",G35="",G35=0,F35=0),"",G35/F35-1) | I35: =IF(SUMIFS(Countries!$AR$5:$AR$434,Countries!$A$5:$A$434,"All landing pages",Countries!$D$5:$D$434,$A35)=0,"",SUMIFS(Countries!$AR$5:$AR$434,Countries!$A$5:$A$434,"All landing pages",Countries!$D$5:$D$434,$A35)) | J35: =IF(SUMIFS(Countries!$AS$5:$AS$434,Countries!$A$5:$A$434,"All landing pages",Countries!$D$5:$D$434,$A35)=0,"",SUMIFS(Countries!$AS$5:$AS$434,Countries!$A$5:$A$434,"All landing pages",Countries!$D$5:$D$434,$A35)) | K35: =IF(OR(I35="",J35="",J35=0,I35=0),"",J35/I35-1) | L35: =IF(SUMIFS(Countries!$E$5:$E$434,Countries!$A$5:$A$434,"All landing pages",Countries!$D$5:$D$434,$A35,Countries!$P$5:$P$434,">0")=0,"",SUMIFS(Countries!$P$5:$P$434,Countries!$A$5:$A$434,"All landing pages",Countries!$D$5:$D$434,$A35,Countries!$E$5:$E$434,">0")/SUMIFS(Countries!$E$5:$E$434,Countries!$A$5:$A$434,"All landing pages",Countries!$D$5:$D$434,$A35,Countries!$P$5:$P$434,">0")) | M35: =IF(SUMIFS(Countries!$F$5:$F$434,Countries!$A$5:$A$434,"All landing pages",Countries!$D$5:$D$434,$A35,Countries!$Q$5:$Q$434,">0")=0,"",SUMIFS(Countries!$Q$5:$Q$434,Countries!$A$5:$A$434,"All landing pages",Countries!$D$5:$D$434,$A35,Countries!$F$5:$F$434,">0")/SUMIFS(Countries!$F$5:$F$434,Countries!$A$5:$A$434,"All landing pages",Countries!$D$5:$D$434,$A35,Countries!$Q$5:$Q$434,">0")) | N35: =IF(OR(L35="",M35=""),"",(M35-L35)*100) | O35: =IF(SUMIFS(Countries!$P$5:$P$434,Countries!$A$5:$A$434,"All landing pages",Countries!$D$5:$D$434,$A35,Countries!$AR$5:$AR$434,">0")=0,"",SUMIFS(Countries!$AR$5:$AR$434,Countries!$A$5:$A$434,"All landing pages",Countries!$D$5:$D$434,$A35,Countries!$P$5:$P$434,">0")/SUMIFS(Countries!$P$5:$P$434,Countries!$A$5:$A$434,"All landing pages",Countries!$D$5:$D$434,$A35,Countries!$AR$5:$AR$434,">0")) | P35: =IF(SUMIFS(Countries!$Q$5:$Q$434,Countries!$A$5:$A$434,"All landing pages",Countries!$D$5:$D$434,$A35,Countries!$AS$5:$AS$434,">0")=0,"",SUMIFS(Countries!$AS$5:$AS$434,Countries!$A$5:$A$434,"All landing pages",Countries!$D$5:$D$434,$A35,Countries!$Q$5:$Q$434,">0")/SUMIFS(Countries!$Q$5:$Q$434,Countries!$A$5:$A$434,"All landing pages",Countries!$D$5:$D$434,$A35,Countries!$AS$5:$AS$434,">0")) | Q35: =IF(OR(O35="",P35=""),"",(P35-O35)*100) | R35: =IF(SUMIFS(Countries!$E$5:$E$434,Countries!$A$5:$A$434,"All landing pages",Countries!$D$5:$D$434,$A35,Countries!$AR$5:$AR$434,">0")=0,"",SUMIFS(Countries!$AR$5:$AR$434,Countries!$A$5:$A$434,"All landing pages",Countries!$D$5:$D$434,$A35,Countries!$E$5:$E$434,">0")/SUMIFS(Countries!$E$5:$E$434,Countries!$A$5:$A$434,"All landing pages",Countries!$D$5:$D$434,$A35,Countries!$AR$5:$AR$434,">0")) | S35: =IF(SUMIFS(Countries!$F$5:$F$434,Countries!$A$5:$A$434,"All landing pages",Countries!$D$5:$D$434,$A35,Countries!$AS$5:$AS$434,">0")=0,"",SUMIFS(Countries!$AS$5:$AS$434,Countries!$A$5:$A$434,"All landing pages",Countries!$D$5:$D$434,$A35,Countries!$F$5:$F$434,">0")/SUMIFS(Countries!$F$5:$F$434,Countries!$A$5:$A$434,"All landing pages",Countries!$D$5:$D$434,$A35,Countries!$AS$5:$AS$434,">0")) | T35: =IF(OR(R35="",S35=""),"",(S35-R35)*100)
A36: Italy | B36: All | C36: =IF(SUMIFS(Countries!$E$5:$E$434,Countries!$A$5:$A$434,"All landing pages",Countries!$D$5:$D$434,$A36)=0,"",SUMIFS(Countries!$E$5:$E$434,Countries!$A$5:$A$434,"All landing pages",Countries!$D$5:$D$434,$A36)) | D36: =IF(SUMIFS(Countries!$F$5:$F$434,Countries!$A$5:$A$434,"All landing pages",Countries!$D$5:$D$434,$A36)=0,"",SUMIFS(Countries!$F$5:$F$434,Countries!$A$5:$A$434,"All landing pages",Countries!$D$5:$D$434,$A36)) | E36: =IF(OR(C36="",D36="",D36=0,C36=0),"",D36/C36-1) | F36: =IF(SUMIFS(Countries!$P$5:$P$434,Countries!$A$5:$A$434,"All landing pages",Countries!$D$5:$D$434,$A36)=0,"",SUMIFS(Countries!$P$5:$P$434,Countries!$A$5:$A$434,"All landing pages",Countries!$D$5:$D$434,$A36)) | G36: =IF(SUMIFS(Countries!$Q$5:$Q$434,Countries!$A$5:$A$434,"All landing pages",Countries!$D$5:$D$434,$A36)=0,"",SUMIFS(Countries!$Q$5:$Q$434,Countries!$A$5:$A$434,"All landing pages",Countries!$D$5:$D$434,$A36)) | H36: =IF(OR(F36="",G36="",G36=0,F36=0),"",G36/F36-1) | I36: =IF(SUMIFS(Countries!$AR$5:$AR$434,Countries!$A$5:$A$434,"All landing pages",Countries!$D$5:$D$434,$A36)=0,"",SUMIFS(Countries!$AR$5:$AR$434,Countries!$A$5:$A$434,"All landing pages",Countries!$D$5:$D$434,$A36)) | J36: =IF(SUMIFS(Countries!$AS$5:$AS$434,Countries!$A$5:$A$434,"All landing pages",Countries!$D$5:$D$434,$A36)=0,"",SUMIFS(Countries!$AS$5:$AS$434,Countries!$A$5:$A$434,"All landing pages",Countries!$D$5:$D$434,$A36)) | K36: =IF(OR(I36="",J36="",J36=0,I36=0),"",J36/I36-1) | L36: =IF(SUMIFS(Countries!$E$5:$E$434,Countries!$A$5:$A$434,"All landing pages",Countries!$D$5:$D$434,$A36,Countries!$P$5:$P$434,">0")=0,"",SUMIFS(Countries!$P$5:$P$434,Countries!$A$5:$A$434,"All landing pages",Countries!$D$5:$D$434,$A36,Countries!$E$5:$E$434,">0")/SUMIFS(Countries!$E$5:$E$434,Countries!$A$5:$A$434,"All landing pages",Countries!$D$5:$D$434,$A36,Countries!$P$5:$P$434,">0")) | M36: =IF(SUMIFS(Countries!$F$5:$F$434,Countries!$A$5:$A$434,"All landing pages",Countries!$D$5:$D$434,$A36,Countries!$Q$5:$Q$434,">0")=0,"",SUMIFS(Countries!$Q$5:$Q$434,Countries!$A$5:$A$434,"All landing pages",Countries!$D$5:$D$434,$A36,Countries!$F$5:$F$434,">0")/SUMIFS(Countries!$F$5:$F$434,Countries!$A$5:$A$434,"All landing pages",Countries!$D$5:$D$434,$A36,Countries!$Q$5:$Q$434,">0")) | N36: =IF(OR(L36="",M36=""),"",(M36-L36)*100) | O36: =IF(SUMIFS(Countries!$P$5:$P$434,Countries!$A$5:$A$434,"All landing pages",Countries!$D$5:$D$434,$A36,Countries!$AR$5:$AR$434,">0")=0,"",SUMIFS(Countries!$AR$5:$AR$434,Countries!$A$5:$A$434,"All landing pages",Countries!$D$5:$D$434,$A36,Countries!$P$5:$P$434,">0")/SUMIFS(Countries!$P$5:$P$434,Countries!$A$5:$A$434,"All landing pages",Countries!$D$5:$D$434,$A36,Countries!$AR$5:$AR$434,">0")) | P36: =IF(SUMIFS(Countries!$Q$5:$Q$434,Countries!$A$5:$A$434,"All landing pages",Countries!$D$5:$D$434,$A36,Countries!$AS$5:$AS$434,">0")=0,"",SUMIFS(Countries!$AS$5:$AS$434,Countries!$A$5:$A$434,"All landing pages",Countries!$D$5:$D$434,$A36,Countries!$Q$5:$Q$434,">0")/SUMIFS(Countries!$Q$5:$Q$434,Countries!$A$5:$A$434,"All landing pages",Countries!$D$5:$D$434,$A36,Countries!$AS$5:$AS$434,">0")) | Q36: =IF(OR(O36="",P36=""),"",(P36-O36)*100) | R36: =IF(SUMIFS(Countries!$E$5:$E$434,Countries!$A$5:$A$434,"All landing pages",Countries!$D$5:$D$434,$A36,Countries!$AR$5:$AR$434,">0")=0,"",SUMIFS(Countries!$AR$5:$AR$434,Countries!$A$5:$A$434,"All landing pages",Countries!$D$5:$D$434,$A36,Countries!$E$5:$E$434,">0")/SUMIFS(Countries!$E$5:$E$434,Countries!$A$5:$A$434,"All landing pages",Countries!$D$5:$D$434,$A36,Countries!$AR$5:$AR$434,">0")) | S36: =IF(SUMIFS(Countries!$F$5:$F$434,Countries!$A$5:$A$434,"All landing pages",Countries!$D$5:$D$434,$A36,Countries!$AS$5:$AS$434,">0")=0,"",SUMIFS(Countries!$AS$5:$AS$434,Countries!$A$5:$A$434,"All landing pages",Countries!$D$5:$D$434,$A36,Countries!$F$5:$F$434,">0")/SUMIFS(Countries!$F$5:$F$434,Countries!$A$5:$A$434,"All landing pages",Countries!$D$5:$D$434,$A36,Countries!$AS$5:$AS$434,">0")) | T36: =IF(OR(R36="",S36=""),"",(S36-R36)*100)
A37: Spain | B37: All | C37: =IF(SUMIFS(Countries!$E$5:$E$434,Countries!$A$5:$A$434,"All landing pages",Countries!$D$5:$D$434,$A37)=0,"",SUMIFS(Countries!$E$5:$E$434,Countries!$A$5:$A$434,"All landing pages",Countries!$D$5:$D$434,$A37)) | D37: =IF(SUMIFS(Countries!$F$5:$F$434,Countries!$A$5:$A$434,"All landing pages",Countries!$D$5:$D$434,$A37)=0,"",SUMIFS(Countries!$F$5:$F$434,Countries!$A$5:$A$434,"All landing pages",Countries!$D$5:$D$434,$A37)) | E37: =IF(OR(C37="",D37="",D37=0,C37=0),"",D37/C37-1) | F37: =IF(SUMIFS(Countries!$P$5:$P$434,Countries!$A$5:$A$434,"All landing pages",Countries!$D$5:$D$434,$A37)=0,"",SUMIFS(Countries!$P$5:$P$434,Countries!$A$5:$A$434,"All landing pages",Countries!$D$5:$D$434,$A37)) | G37: =IF(SUMIFS(Countries!$Q$5:$Q$434,Countries!$A$5:$A$434,"All landing pages",Countries!$D$5:$D$434,$A37)=0,"",SUMIFS(Countries!$Q$5:$Q$434,Countries!$A$5:$A$434,"All landing pages",Countries!$D$5:$D$434,$A37)) | H37: =IF(OR(F37="",G37="",G37=0,F37=0),"",G37/F37-1) | I37: =IF(SUMIFS(Countries!$AR$5:$AR$434,Countries!$A$5:$A$434,"All landing pages",Countries!$D$5:$D$434,$A37)=0,"",SUMIFS(Countries!$AR$5:$AR$434,Countries!$A$5:$A$434,"All landing pages",Countries!$D$5:$D$434,$A37)) | J37: =IF(SUMIFS(Countries!$AS$5:$AS$434,Countries!$A$5:$A$434,"All landing pages",Countries!$D$5:$D$434,$A37)=0,"",SUMIFS(Countries!$AS$5:$AS$434,Countries!$A$5:$A$434,"All landing pages",Countries!$D$5:$D$434,$A37)) | K37: =IF(OR(I37="",J37="",J37=0,I37=0),"",J37/I37-1) | L37: =IF(SUMIFS(Countries!$E$5:$E$434,Countries!$A$5:$A$434,"All landing pages",Countries!$D$5:$D$434,$A37,Countries!$P$5:$P$434,">0")=0,"",SUMIFS(Countries!$P$5:$P$434,Countries!$A$5:$A$434,"All landing pages",Countries!$D$5:$D$434,$A37,Countries!$E$5:$E$434,">0")/SUMIFS(Countries!$E$5:$E$434,Countries!$A$5:$A$434,"All landing pages",Countries!$D$5:$D$434,$A37,Countries!$P$5:$P$434,">0")) | M37: =IF(SUMIFS(Countries!$F$5:$F$434,Countries!$A$5:$A$434,"All landing pages",Countries!$D$5:$D$434,$A37,Countries!$Q$5:$Q$434,">0")=0,"",SUMIFS(Countries!$Q$5:$Q$434,Countries!$A$5:$A$434,"All landing pages",Countries!$D$5:$D$434,$A37,Countries!$F$5:$F$434,">0")/SUMIFS(Countries!$F$5:$F$434,Countries!$A$5:$A$434,"All landing pages",Countries!$D$5:$D$434,$A37,Countries!$Q$5:$Q$434,">0")) | N37: =IF(OR(L37="",M37=""),"",(M37-L37)*100) | O37: =IF(SUMIFS(Countries!$P$5:$P$434,Countries!$A$5:$A$434,"All landing pages",Countries!$D$5:$D$434,$A37,Countries!$AR$5:$AR$434,">0")=0,"",SUMIFS(Countries!$AR$5:$AR$434,Countries!$A$5:$A$434,"All landing pages",Countries!$D$5:$D$434,$A37,Countries!$P$5:$P$434,">0")/SUMIFS(Countries!$P$5:$P$434,Countries!$A$5:$A$434,"All landing pages",Countries!$D$5:$D$434,$A37,Countries!$AR$5:$AR$434,">0")) | P37: =IF(SUMIFS(Countries!$Q$5:$Q$434,Countries!$A$5:$A$434,"All landing pages",Countries!$D$5:$D$434,$A37,Countries!$AS$5:$AS$434,">0")=0,"",SUMIFS(Countries!$AS$5:$AS$434,Countries!$A$5:$A$434,"All landing pages",Countries!$D$5:$D$434,$A37,Countries!$Q$5:$Q$434,">0")/SUMIFS(Countries!$Q$5:$Q$434,Countries!$A$5:$A$434,"All landing pages",Countries!$D$5:$D$434,$A37,Countries!$AS$5:$AS$434,">0")) | Q37: =IF(OR(O37="",P37=""),"",(P37-O37)*100) | R37: =IF(SUMIFS(Countries!$E$5:$E$434,Countries!$A$5:$A$434,"All landing pages",Countries!$D$5:$D$434,$A37,Countries!$AR$5:$AR$434,">0")=0,"",SUMIFS(Countries!$AR$5:$AR$434,Countries!$A$5:$A$434,"All landing pages",Countries!$D$5:$D$434,$A37,Countries!$E$5:$E$434,">0")/SUMIFS(Countries!$E$5:$E$434,Countries!$A$5:$A$434,"All landing pages",Countries!$D$5:$D$434,$A37,Countries!$AR$5:$AR$434,">0")) | S37: =IF(SUMIFS(Countries!$F$5:$F$434,Countries!$A$5:$A$434,"All landing pages",Countries!$D$5:$D$434,$A37,Countries!$AS$5:$AS$434,">0")=0,"",SUMIFS(Countries!$AS$5:$AS$434,Countries!$A$5:$A$434,"All landing pages",Countries!$D$5:$D$434,$A37,Countries!$F$5:$F$434,">0")/SUMIFS(Countries!$F$5:$F$434,Countries!$A$5:$A$434,"All landing pages",Countries!$D$5:$D$434,$A37,Countries!$AS$5:$AS$434,">0")) | T37: =IF(OR(R37="",S37=""),"",(S37-R37)*100)
A38: Ireland | B38: All | C38: =IF(SUMIFS(Countries!$E$5:$E$434,Countries!$A$5:$A$434,"All landing pages",Countries!$D$5:$D$434,$A38)=0,"",SUMIFS(Countries!$E$5:$E$434,Countries!$A$5:$A$434,"All landing pages",Countries!$D$5:$D$434,$A38)) | D38: =IF(SUMIFS(Countries!$F$5:$F$434,Countries!$A$5:$A$434,"All landing pages",Countries!$D$5:$D$434,$A38)=0,"",SUMIFS(Countries!$F$5:$F$434,Countries!$A$5:$A$434,"All landing pages",Countries!$D$5:$D$434,$A38)) | E38: =IF(OR(C38="",D38="",D38=0,C38=0),"",D38/C38-1) | F38: =IF(SUMIFS(Countries!$P$5:$P$434,Countries!$A$5:$A$434,"All landing pages",Countries!$D$5:$D$434,$A38)=0,"",SUMIFS(Countries!$P$5:$P$434,Countries!$A$5:$A$434,"All landing pages",Countries!$D$5:$D$434,$A38)) | G38: =IF(SUMIFS(Countries!$Q$5:$Q$434,Countries!$A$5:$A$434,"All landing pages",Countries!$D$5:$D$434,$A38)=0,"",SUMIFS(Countries!$Q$5:$Q$434,Countries!$A$5:$A$434,"All landing pages",Countries!$D$5:$D$434,$A38)) | H38: =IF(OR(F38="",G38="",G38=0,F38=0),"",G38/F38-1) | I38: =IF(SUMIFS(Countries!$AR$5:$AR$434,Countries!$A$5:$A$434,"All landing pages",Countries!$D$5:$D$434,$A38)=0,"",SUMIFS(Countries!$AR$5:$AR$434,Countries!$A$5:$A$434,"All landing pages",Countries!$D$5:$D$434,$A38)) | J38: =IF(SUMIFS(Countries!$AS$5:$AS$434,Countries!$A$5:$A$434,"All landing pages",Countries!$D$5:$D$434,$A38)=0,"",SUMIFS(Countries!$AS$5:$AS$434,Countries!$A$5:$A$434,"All landing pages",Countries!$D$5:$D$434,$A38)) | K38: =IF(OR(I38="",J38="",J38=0,I38=0),"",J38/I38-1) | L38: =IF(SUMIFS(Countries!$E$5:$E$434,Countries!$A$5:$A$434,"All landing pages",Countries!$D$5:$D$434,$A38,Countries!$P$5:$P$434,">0")=0,"",SUMIFS(Countries!$P$5:$P$434,Countries!$A$5:$A$434,"All landing pages",Countries!$D$5:$D$434,$A38,Countries!$E$5:$E$434,">0")/SUMIFS(Countries!$E$5:$E$434,Countries!$A$5:$A$434,"All landing pages",Countries!$D$5:$D$434,$A38,Countries!$P$5:$P$434,">0")) | M38: =IF(SUMIFS(Countries!$F$5:$F$434,Countries!$A$5:$A$434,"All landing pages",Countries!$D$5:$D$434,$A38,Countries!$Q$5:$Q$434,">0")=0,"",SUMIFS(Countries!$Q$5:$Q$434,Countries!$A$5:$A$434,"All landing pages",Countries!$D$5:$D$434,$A38,Countries!$F$5:$F$434,">0")/SUMIFS(Countries!$F$5:$F$434,Countries!$A$5:$A$434,"All landing pages",Countries!$D$5:$D$434,$A38,Countries!$Q$5:$Q$434,">0")) | N38: =IF(OR(L38="",M38=""),"",(M38-L38)*100) | O38: =IF(SUMIFS(Countries!$P$5:$P$434,Countries!$A$5:$A$434,"All landing pages",Countries!$D$5:$D$434,$A38,Countries!$AR$5:$AR$434,">0")=0,"",SUMIFS(Countries!$AR$5:$AR$434,Countries!$A$5:$A$434,"All landing pages",Countries!$D$5:$D$434,$A38,Countries!$P$5:$P$434,">0")/SUMIFS(Countries!$P$5:$P$434,Countries!$A$5:$A$434,"All landing pages",Countries!$D$5:$D$434,$A38,Countries!$AR$5:$AR$434,">0")) | P38: =IF(SUMIFS(Countries!$Q$5:$Q$434,Countries!$A$5:$A$434,"All landing pages",Countries!$D$5:$D$434,$A38,Countries!$AS$5:$AS$434,">0")=0,"",SUMIFS(Countries!$AS$5:$AS$434,Countries!$A$5:$A$434,"All landing pages",Countries!$D$5:$D$434,$A38,Countries!$Q$5:$Q$434,">0")/SUMIFS(Countries!$Q$5:$Q$434,Countries!$A$5:$A$434,"All landing pages",Countries!$D$5:$D$434,$A38,Countries!$AS$5:$AS$434,">0")) | Q38: =IF(OR(O38="",P38=""),"",(P38-O38)*100) | R38: =IF(SUMIFS(Countries!$E$5:$E$434,Countries!$A$5:$A$434,"All landing pages",Countries!$D$5:$D$434,$A38,Countries!$AR$5:$AR$434,">0")=0,"",SUMIFS(Countries!$AR$5:$AR$434,Countries!$A$5:$A$434,"All landing pages",Countries!$D$5:$D$434,$A38,Countries!$E$5:$E$434,">0")/SUMIFS(Countries!$E$5:$E$434,Countries!$A$5:$A$434,"All landing pages",Countries!$D$5:$D$434,$A38,Countries!$AR$5:$AR$434,">0")) | S38: =IF(SUMIFS(Countries!$F$5:$F$434,Countries!$A$5:$A$434,"All landing pages",Countries!$D$5:$D$434,$A38,Countries!$AS$5:$AS$434,">0")=0,"",SUMIFS(Countries!$AS$5:$AS$434,Countries!$A$5:$A$434,"All landing pages",Countries!$D$5:$D$434,$A38,Countries!$F$5:$F$434,">0")/SUMIFS(Countries!$F$5:$F$434,Countries!$A$5:$A$434,"All landing pages",Countries!$D$5:$D$434,$A38,Countries!$AS$5:$AS$434,">0")) | T38: =IF(OR(R38="",S38=""),"",(S38-R38)*100)
A39: Netherlands | B39: All | C39: =IF(SUMIFS(Countries!$E$5:$E$434,Countries!$A$5:$A$434,"All landing pages",Countries!$D$5:$D$434,$A39)=0,"",SUMIFS(Countries!$E$5:$E$434,Countries!$A$5:$A$434,"All landing pages",Countries!$D$5:$D$434,$A39)) | D39: =IF(SUMIFS(Countries!$F$5:$F$434,Countries!$A$5:$A$434,"All landing pages",Countries!$D$5:$D$434,$A39)=0,"",SUMIFS(Countries!$F$5:$F$434,Countries!$A$5:$A$434,"All landing pages",Countries!$D$5:$D$434,$A39)) | E39: =IF(OR(C39="",D39="",D39=0,C39=0),"",D39/C39-1) | F39: =IF(SUMIFS(Countries!$P$5:$P$434,Countries!$A$5:$A$434,"All landing pages",Countries!$D$5:$D$434,$A39)=0,"",SUMIFS(Countries!$P$5:$P$434,Countries!$A$5:$A$434,"All landing pages",Countries!$D$5:$D$434,$A39)) | G39: =IF(SUMIFS(Countries!$Q$5:$Q$434,Countries!$A$5:$A$434,"All landing pages",Countries!$D$5:$D$434,$A39)=0,"",SUMIFS(Countries!$Q$5:$Q$434,Countries!$A$5:$A$434,"All landing pages",Countries!$D$5:$D$434,$A39)) | H39: =IF(OR(F39="",G39="",G39=0,F39=0),"",G39/F39-1) | I39: =IF(SUMIFS(Countries!$AR$5:$AR$434,Countries!$A$5:$A$434,"All landing pages",Countries!$D$5:$D$434,$A39)=0,"",SUMIFS(Countries!$AR$5:$AR$434,Countries!$A$5:$A$434,"All landing pages",Countries!$D$5:$D$434,$A39)) | J39: =IF(SUMIFS(Countries!$AS$5:$AS$434,Countries!$A$5:$A$434,"All landing pages",Countries!$D$5:$D$434,$A39)=0,"",SUMIFS(Countries!$AS$5:$AS$434,Countries!$A$5:$A$434,"All landing pages",Countries!$D$5:$D$434,$A39)) | K39: =IF(OR(I39="",J39="",J39=0,I39=0),"",J39/I39-1) | L39: =IF(SUMIFS(Countries!$E$5:$E$434,Countries!$A$5:$A$434,"All landing pages",Countries!$D$5:$D$434,$A39,Countries!$P$5:$P$434,">0")=0,"",SUMIFS(Countries!$P$5:$P$434,Countries!$A$5:$A$434,"All landing pages",Countries!$D$5:$D$434,$A39,Countries!$E$5:$E$434,">0")/SUMIFS(Countries!$E$5:$E$434,Countries!$A$5:$A$434,"All landing pages",Countries!$D$5:$D$434,$A39,Countries!$P$5:$P$434,">0")) | M39: =IF(SUMIFS(Countries!$F$5:$F$434,Countries!$A$5:$A$434,"All landing pages",Countries!$D$5:$D$434,$A39,Countries!$Q$5:$Q$434,">0")=0,"",SUMIFS(Countries!$Q$5:$Q$434,Countries!$A$5:$A$434,"All landing pages",Countries!$D$5:$D$434,$A39,Countries!$F$5:$F$434,">0")/SUMIFS(Countries!$F$5:$F$434,Countries!$A$5:$A$434,"All landing pages",Countries!$D$5:$D$434,$A39,Countries!$Q$5:$Q$434,">0")) | N39: =IF(OR(L39="",M39=""),"",(M39-L39)*100) | O39: =IF(SUMIFS(Countries!$P$5:$P$434,Countries!$A$5:$A$434,"All landing pages",Countries!$D$5:$D$434,$A39,Countries!$AR$5:$AR$434,">0")=0,"",SUMIFS(Countries!$AR$5:$AR$434,Countries!$A$5:$A$434,"All landing pages",Countries!$D$5:$D$434,$A39,Countries!$P$5:$P$434,">0")/SUMIFS(Countries!$P$5:$P$434,Countries!$A$5:$A$434,"All landing pages",Countries!$D$5:$D$434,$A39,Countries!$AR$5:$AR$434,">0")) | P39: =IF(SUMIFS(Countries!$Q$5:$Q$434,Countries!$A$5:$A$434,"All landing pages",Countries!$D$5:$D$434,$A39,Countries!$AS$5:$AS$434,">0")=0,"",SUMIFS(Countries!$AS$5:$AS$434,Countries!$A$5:$A$434,"All landing pages",Countries!$D$5:$D$434,$A39,Countries!$Q$5:$Q$434,">0")/SUMIFS(Countries!$Q$5:$Q$434,Countries!$A$5:$A$434,"All landing pages",Countries!$D$5:$D$434,$A39,Countries!$AS$5:$AS$434,">0")) | Q39: =IF(OR(O39="",P39=""),"",(P39-O39)*100) | R39: =IF(SUMIFS(Countries!$E$5:$E$434,Countries!$A$5:$A$434,"All landing pages",Countries!$D$5:$D$434,$A39,Countries!$AR$5:$AR$434,">0")=0,"",SUMIFS(Countries!$AR$5:$AR$434,Countries!$A$5:$A$434,"All landing pages",Countries!$D$5:$D$434,$A39,Countries!$E$5:$E$434,">0")/SUMIFS(Countries!$E$5:$E$434,Countries!$A$5:$A$434,"All landing pages",Countries!$D$5:$D$434,$A39,Countries!$AR$5:$AR$434,">0")) | S39: =IF(SUMIFS(Countries!$F$5:$F$434,Countries!$A$5:$A$434,"All landing pages",Countries!$D$5:$D$434,$A39,Countries!$AS$5:$AS$434,">0")=0,"",SUMIFS(Countries!$AS$5:$AS$434,Countries!$A$5:$A$434,"All landing pages",Countries!$D$5:$D$434,$A39,Countries!$F$5:$F$434,">0")/SUMIFS(Countries!$F$5:$F$434,Countries!$A$5:$A$434,"All landing pages",Countries!$D$5:$D$434,$A39,Countries!$AS$5:$AS$434,">0")) | T39: =IF(OR(R39="",S39=""),"",(S39-R39)*100)
A40: France | B40: All | C40: =IF(SUMIFS(Countries!$E$5:$E$434,Countries!$A$5:$A$434,"All landing pages",Countries!$D$5:$D$434,$A40)=0,"",SUMIFS(Countries!$E$5:$E$434,Countries!$A$5:$A$434,"All landing pages",Countries!$D$5:$D$434,$A40)) | D40: =IF(SUMIFS(Countries!$F$5:$F$434,Countries!$A$5:$A$434,"All landing pages",Countries!$D$5:$D$434,$A40)=0,"",SUMIFS(Countries!$F$5:$F$434,Countries!$A$5:$A$434,"All landing pages",Countries!$D$5:$D$434,$A40)) | E40: =IF(OR(C40="",D40="",D40=0,C40=0),"",D40/C40-1) | F40: =IF(SUMIFS(Countries!$P$5:$P$434,Countries!$A$5:$A$434,"All landing pages",Countries!$D$5:$D$434,$A40)=0,"",SUMIFS(Countries!$P$5:$P$434,Countries!$A$5:$A$434,"All landing pages",Countries!$D$5:$D$434,$A40)) | G40: =IF(SUMIFS(Countries!$Q$5:$Q$434,Countries!$A$5:$A$434,"All landing pages",Countries!$D$5:$D$434,$A40)=0,"",SUMIFS(Countries!$Q$5:$Q$434,Countries!$A$5:$A$434,"All landing pages",Countries!$D$5:$D$434,$A40)) | H40: =IF(OR(F40="",G40="",G40=0,F40=0),"",G40/F40-1) | I40: =IF(SUMIFS(Countries!$AR$5:$AR$434,Countries!$A$5:$A$434,"All landing pages",Countries!$D$5:$D$434,$A40)=0,"",SUMIFS(Countries!$AR$5:$AR$434,Countries!$A$5:$A$434,"All landing pages",Countries!$D$5:$D$434,$A40)) | J40: =IF(SUMIFS(Countries!$AS$5:$AS$434,Countries!$A$5:$A$434,"All landing pages",Countries!$D$5:$D$434,$A40)=0,"",SUMIFS(Countries!$AS$5:$AS$434,Countries!$A$5:$A$434,"All landing pages",Countries!$D$5:$D$434,$A40)) | K40: =IF(OR(I40="",J40="",J40=0,I40=0),"",J40/I40-1) | L40: =IF(SUMIFS(Countries!$E$5:$E$434,Countries!$A$5:$A$434,"All landing pages",Countries!$D$5:$D$434,$A40,Countries!$P$5:$P$434,">0")=0,"",SUMIFS(Countries!$P$5:$P$434,Countries!$A$5:$A$434,"All landing pages",Countries!$D$5:$D$434,$A40,Countries!$E$5:$E$434,">0")/SUMIFS(Countries!$E$5:$E$434,Countries!$A$5:$A$434,"All landing pages",Countries!$D$5:$D$434,$A40,Countries!$P$5:$P$434,">0")) | M40: =IF(SUMIFS(Countries!$F$5:$F$434,Countries!$A$5:$A$434,"All landing pages",Countries!$D$5:$D$434,$A40,Countries!$Q$5:$Q$434,">0")=0,"",SUMIFS(Countries!$Q$5:$Q$434,Countries!$A$5:$A$434,"All landing pages",Countries!$D$5:$D$434,$A40,Countries!$F$5:$F$434,">0")/SUMIFS(Countries!$F$5:$F$434,Countries!$A$5:$A$434,"All landing pages",Countries!$D$5:$D$434,$A40,Countries!$Q$5:$Q$434,">0")) | N40: =IF(OR(L40="",M40=""),"",(M40-L40)*100) | O40: =IF(SUMIFS(Countries!$P$5:$P$434,Countries!$A$5:$A$434,"All landing pages",Countries!$D$5:$D$434,$A40,Countries!$AR$5:$AR$434,">0")=0,"",SUMIFS(Countries!$AR$5:$AR$434,Countries!$A$5:$A$434,"All landing pages",Countries!$D$5:$D$434,$A40,Countries!$P$5:$P$434,">0")/SUMIFS(Countries!$P$5:$P$434,Countries!$A$5:$A$434,"All landing pages",Countries!$D$5:$D$434,$A40,Countries!$AR$5:$AR$434,">0")) | P40: =IF(SUMIFS(Countries!$Q$5:$Q$434,Countries!$A$5:$A$434,"All landing pages",Countries!$D$5:$D$434,$A40,Countries!$AS$5:$AS$434,">0")=0,"",SUMIFS(Countries!$AS$5:$AS$434,Countries!$A$5:$A$434,"All landing pages",Countries!$D$5:$D$434,$A40,Countries!$Q$5:$Q$434,">0")/SUMIFS(Countries!$Q$5:$Q$434,Countries!$A$5:$A$434,"All landing pages",Countries!$D$5:$D$434,$A40,Countries!$AS$5:$AS$434,">0")) | Q40: =IF(OR(O40="",P40=""),"",(P40-O40)*100) | R40: =IF(SUMIFS(Countries!$E$5:$E$434,Countries!$A$5:$A$434,"All landing pages",Countries!$D$5:$D$434,$A40,Countries!$AR$5:$AR$434,">0")=0,"",SUMIFS(Countries!$AR$5:$AR$434,Countries!$A$5:$A$434,"All landing pages",Countries!$D$5:$D$434,$A40,Countries!$E$5:$E$434,">0")/SUMIFS(Countries!$E$5:$E$434,Countries!$A$5:$A$434,"All landing pages",Countries!$D$5:$D$434,$A40,Countries!$AR$5:$AR$434,">0")) | S40: =IF(SUMIFS(Countries!$F$5:$F$434,Countries!$A$5:$A$434,"All landing pages",Countries!$D$5:$D$434,$A40,Countries!$AS$5:$AS$434,">0")=0,"",SUMIFS(Countries!$AS$5:$AS$434,Countries!$A$5:$A$434,"All landing pages",Countries!$D$5:$D$434,$A40,Countries!$F$5:$F$434,">0")/SUMIFS(Countries!$F$5:$F$434,Countries!$A$5:$A$434,"All landing pages",Countries!$D$5:$D$434,$A40,Countries!$AS$5:$AS$434,">0")) | T40: =IF(OR(R40="",S40=""),"",(S40-R40)*100)
A41: Poland | B41: All | C41: =IF(SUMIFS(Countries!$E$5:$E$434,Countries!$A$5:$A$434,"All landing pages",Countries!$D$5:$D$434,$A41)=0,"",SUMIFS(Countries!$E$5:$E$434,Countries!$A$5:$A$434,"All landing pages",Countries!$D$5:$D$434,$A41)) | D41: =IF(SUMIFS(Countries!$F$5:$F$434,Countries!$A$5:$A$434,"All landing pages",Countries!$D$5:$D$434,$A41)=0,"",SUMIFS(Countries!$F$5:$F$434,Countries!$A$5:$A$434,"All landing pages",Countries!$D$5:$D$434,$A41)) | E41: =IF(OR(C41="",D41="",D41=0,C41=0),"",D41/C41-1) | F41: =IF(SUMIFS(Countries!$P$5:$P$434,Countries!$A$5:$A$434,"All landing pages",Countries!$D$5:$D$434,$A41)=0,"",SUMIFS(Countries!$P$5:$P$434,Countries!$A$5:$A$434,"All landing pages",Countries!$D$5:$D$434,$A41)) | G41: =IF(SUMIFS(Countries!$Q$5:$Q$434,Countries!$A$5:$A$434,"All landing pages",Countries!$D$5:$D$434,$A41)=0,"",SUMIFS(Countries!$Q$5:$Q$434,Countries!$A$5:$A$434,"All landing pages",Countries!$D$5:$D$434,$A41)) | H41: =IF(OR(F41="",G41="",G41=0,F41=0),"",G41/F41-1) | I41: =IF(SUMIFS(Countries!$AR$5:$AR$434,Countries!$A$5:$A$434,"All landing pages",Countries!$D$5:$D$434,$A41)=0,"",SUMIFS(Countries!$AR$5:$AR$434,Countries!$A$5:$A$434,"All landing pages",Countries!$D$5:$D$434,$A41)) | J41: =IF(SUMIFS(Countries!$AS$5:$AS$434,Countries!$A$5:$A$434,"All landing pages",Countries!$D$5:$D$434,$A41)=0,"",SUMIFS(Countries!$AS$5:$AS$434,Countries!$A$5:$A$434,"All landing pages",Countries!$D$5:$D$434,$A41)) | K41: =IF(OR(I41="",J41="",J41=0,I41=0),"",J41/I41-1) | L41: =IF(SUMIFS(Countries!$E$5:$E$434,Countries!$A$5:$A$434,"All landing pages",Countries!$D$5:$D$434,$A41,Countries!$P$5:$P$434,">0")=0,"",SUMIFS(Countries!$P$5:$P$434,Countries!$A$5:$A$434,"All landing pages",Countries!$D$5:$D$434,$A41,Countries!$E$5:$E$434,">0")/SUMIFS(Countries!$E$5:$E$434,Countries!$A$5:$A$434,"All landing pages",Countries!$D$5:$D$434,$A41,Countries!$P$5:$P$434,">0")) | M41: =IF(SUMIFS(Countries!$F$5:$F$434,Countries!$A$5:$A$434,"All landing pages",Countries!$D$5:$D$434,$A41,Countries!$Q$5:$Q$434,">0")=0,"",SUMIFS(Countries!$Q$5:$Q$434,Countries!$A$5:$A$434,"All landing pages",Countries!$D$5:$D$434,$A41,Countries!$F$5:$F$434,">0")/SUMIFS(Countries!$F$5:$F$434,Countries!$A$5:$A$434,"All landing pages",Countries!$D$5:$D$434,$A41,Countries!$Q$5:$Q$434,">0")) | N41: =IF(OR(L41="",M41=""),"",(M41-L41)*100) | O41: =IF(SUMIFS(Countries!$P$5:$P$434,Countries!$A$5:$A$434,"All landing pages",Countries!$D$5:$D$434,$A41,Countries!$AR$5:$AR$434,">0")=0,"",SUMIFS(Countries!$AR$5:$AR$434,Countries!$A$5:$A$434,"All landing pages",Countries!$D$5:$D$434,$A41,Countries!$P$5:$P$434,">0")/SUMIFS(Countries!$P$5:$P$434,Countries!$A$5:$A$434,"All landing pages",Countries!$D$5:$D$434,$A41,Countries!$AR$5:$AR$434,">0")) | P41: =IF(SUMIFS(Countries!$Q$5:$Q$434,Countries!$A$5:$A$434,"All landing pages",Countries!$D$5:$D$434,$A41,Countries!$AS$5:$AS$434,">0")=0,"",SUMIFS(Countries!$AS$5:$AS$434,Countries!$A$5:$A$434,"All landing pages",Countries!$D$5:$D$434,$A41,Countries!$Q$5:$Q$434,">0")/SUMIFS(Countries!$Q$5:$Q$434,Countries!$A$5:$A$434,"All landing pages",Countries!$D$5:$D$434,$A41,Countries!$AS$5:$AS$434,">0")) | Q41: =IF(OR(O41="",P41=""),"",(P41-O41)*100) | R41: =IF(SUMIFS(Countries!$E$5:$E$434,Countries!$A$5:$A$434,"All landing pages",Countries!$D$5:$D$434,$A41,Countries!$AR$5:$AR$434,">0")=0,"",SUMIFS(Countries!$AR$5:$AR$434,Countries!$A$5:$A$434,"All landing pages",Countries!$D$5:$D$434,$A41,Countries!$E$5:$E$434,">0")/SUMIFS(Countries!$E$5:$E$434,Countries!$A$5:$A$434,"All landing pages",Countries!$D$5:$D$434,$A41,Countries!$AR$5:$AR$434,">0")) | S41: =IF(SUMIFS(Countries!$F$5:$F$434,Countries!$A$5:$A$434,"All landing pages",Countries!$D$5:$D$434,$A41,Countries!$AS$5:$AS$434,">0")=0,"",SUMIFS(Countries!$AS$5:$AS$434,Countries!$A$5:$A$434,"All landing pages",Countries!$D$5:$D$434,$A41,Countries!$F$5:$F$434,">0")/SUMIFS(Countries!$F$5:$F$434,Countries!$A$5:$A$434,"All landing pages",Countries!$D$5:$D$434,$A41,Countries!$AS$5:$AS$434,">0")) | T41: =IF(OR(R41="",S41=""),"",(S41-R41)*100)
A42: United States | B42: All | C42: =IF(SUMIFS(Countries!$E$5:$E$434,Countries!$A$5:$A$434,"All landing pages",Countries!$D$5:$D$434,$A42)=0,"",SUMIFS(Countries!$E$5:$E$434,Countries!$A$5:$A$434,"All landing pages",Countries!$D$5:$D$434,$A42)) | D42: =IF(SUMIFS(Countries!$F$5:$F$434,Countries!$A$5:$A$434,"All landing pages",Countries!$D$5:$D$434,$A42)=0,"",SUMIFS(Countries!$F$5:$F$434,Countries!$A$5:$A$434,"All landing pages",Countries!$D$5:$D$434,$A42)) | E42: =IF(OR(C42="",D42="",D42=0,C42=0),"",D42/C42-1) | F42: =IF(SUMIFS(Countries!$P$5:$P$434,Countries!$A$5:$A$434,"All landing pages",Countries!$D$5:$D$434,$A42)=0,"",SUMIFS(Countries!$P$5:$P$434,Countries!$A$5:$A$434,"All landing pages",Countries!$D$5:$D$434,$A42)) | G42: =IF(SUMIFS(Countries!$Q$5:$Q$434,Countries!$A$5:$A$434,"All landing pages",Countries!$D$5:$D$434,$A42)=0,"",SUMIFS(Countries!$Q$5:$Q$434,Countries!$A$5:$A$434,"All landing pages",Countries!$D$5:$D$434,$A42)) | H42: =IF(OR(F42="",G42="",G42=0,F42=0),"",G42/F42-1) | I42: =IF(SUMIFS(Countries!$AR$5:$AR$434,Countries!$A$5:$A$434,"All landing pages",Countries!$D$5:$D$434,$A42)=0,"",SUMIFS(Countries!$AR$5:$AR$434,Countries!$A$5:$A$434,"All landing pages",Countries!$D$5:$D$434,$A42)) | J42: =IF(SUMIFS(Countries!$AS$5:$AS$434,Countries!$A$5:$A$434,"All landing pages",Countries!$D$5:$D$434,$A42)=0,"",SUMIFS(Countries!$AS$5:$AS$434,Countries!$A$5:$A$434,"All landing pages",Countries!$D$5:$D$434,$A42)) | K42: =IF(OR(I42="",J42="",J42=0,I42=0),"",J42/I42-1) | L42: =IF(SUMIFS(Countries!$E$5:$E$434,Countries!$A$5:$A$434,"All landing pages",Countries!$D$5:$D$434,$A42,Countries!$P$5:$P$434,">0")=0,"",SUMIFS(Countries!$P$5:$P$434,Countries!$A$5:$A$434,"All landing pages",Countries!$D$5:$D$434,$A42,Countries!$E$5:$E$434,">0")/SUMIFS(Countries!$E$5:$E$434,Countries!$A$5:$A$434,"All landing pages",Countries!$D$5:$D$434,$A42,Countries!$P$5:$P$434,">0")) | M42: =IF(SUMIFS(Countries!$F$5:$F$434,Countries!$A$5:$A$434,"All landing pages",Countries!$D$5:$D$434,$A42,Countries!$Q$5:$Q$434,">0")=0,"",SUMIFS(Countries!$Q$5:$Q$434,Countries!$A$5:$A$434,"All landing pages",Countries!$D$5:$D$434,$A42,Countries!$F$5:$F$434,">0")/SUMIFS(Countries!$F$5:$F$434,Countries!$A$5:$A$434,"All landing pages",Countries!$D$5:$D$434,$A42,Countries!$Q$5:$Q$434,">0")) | N42: =IF(OR(L42="",M42=""),"",(M42-L42)*100) | O42: =IF(SUMIFS(Countries!$P$5:$P$434,Countries!$A$5:$A$434,"All landing pages",Countries!$D$5:$D$434,$A42,Countries!$AR$5:$AR$434,">0")=0,"",SUMIFS(Countries!$AR$5:$AR$434,Countries!$A$5:$A$434,"All landing pages",Countries!$D$5:$D$434,$A42,Countries!$P$5:$P$434,">0")/SUMIFS(Countries!$P$5:$P$434,Countries!$A$5:$A$434,"All landing pages",Countries!$D$5:$D$434,$A42,Countries!$AR$5:$AR$434,">0")) | P42: =IF(SUMIFS(Countries!$Q$5:$Q$434,Countries!$A$5:$A$434,"All landing pages",Countries!$D$5:$D$434,$A42,Countries!$AS$5:$AS$434,">0")=0,"",SUMIFS(Countries!$AS$5:$AS$434,Countries!$A$5:$A$434,"All landing pages",Countries!$D$5:$D$434,$A42,Countries!$Q$5:$Q$434,">0")/SUMIFS(Countries!$Q$5:$Q$434,Countries!$A$5:$A$434,"All landing pages",Countries!$D$5:$D$434,$A42,Countries!$AS$5:$AS$434,">0")) | Q42: =IF(OR(O42="",P42=""),"",(P42-O42)*100) | R42: =IF(SUMIFS(Countries!$E$5:$E$434,Countries!$A$5:$A$434,"All landing pages",Countries!$D$5:$D$434,$A42,Countries!$AR$5:$AR$434,">0")=0,"",SUMIFS(Countries!$AR$5:$AR$434,Countries!$A$5:$A$434,"All landing pages",Countries!$D$5:$D$434,$A42,Countries!$E$5:$E$434,">0")/SUMIFS(Countries!$E$5:$E$434,Countries!$A$5:$A$434,"All landing pages",Countries!$D$5:$D$434,$A42,Countries!$AR$5:$AR$434,">0")) | S42: =IF(SUMIFS(Countries!$F$5:$F$434,Countries!$A$5:$A$434,"All landing pages",Countries!$D$5:$D$434,$A42,Countries!$AS$5:$AS$434,">0")=0,"",SUMIFS(Countries!$AS$5:$AS$434,Countries!$A$5:$A$434,"All landing pages",Countries!$D$5:$D$434,$A42,Countries!$F$5:$F$434,">0")/SUMIFS(Countries!$F$5:$F$434,Countries!$A$5:$A$434,"All landing pages",Countries!$D$5:$D$434,$A42,Countries!$AS$5:$AS$434,">0")) | T42: =IF(OR(R42="",S42=""),"",(S42-R42)*100)
A43: Sweden | B43: All | C43: =IF(SUMIFS(Countries!$E$5:$E$434,Countries!$A$5:$A$434,"All landing pages",Countries!$D$5:$D$434,$A43)=0,"",SUMIFS(Countries!$E$5:$E$434,Countries!$A$5:$A$434,"All landing pages",Countries!$D$5:$D$434,$A43)) | D43: =IF(SUMIFS(Countries!$F$5:$F$434,Countries!$A$5:$A$434,"All landing pages",Countries!$D$5:$D$434,$A43)=0,"",SUMIFS(Countries!$F$5:$F$434,Countries!$A$5:$A$434,"All landing pages",Countries!$D$5:$D$434,$A43)) | E43: =IF(OR(C43="",D43="",D43=0,C43=0),"",D43/C43-1) | F43: =IF(SUMIFS(Countries!$P$5:$P$434,Countries!$A$5:$A$434,"All landing pages",Countries!$D$5:$D$434,$A43)=0,"",SUMIFS(Countries!$P$5:$P$434,Countries!$A$5:$A$434,"All landing pages",Countries!$D$5:$D$434,$A43)) | G43: =IF(SUMIFS(Countries!$Q$5:$Q$434,Countries!$A$5:$A$434,"All landing pages",Countries!$D$5:$D$434,$A43)=0,"",SUMIFS(Countries!$Q$5:$Q$434,Countries!$A$5:$A$434,"All landing pages",Countries!$D$5:$D$434,$A43)) | H43: =IF(OR(F43="",G43="",G43=0,F43=0),"",G43/F43-1) | I43: =IF(SUMIFS(Countries!$AR$5:$AR$434,Countries!$A$5:$A$434,"All landing pages",Countries!$D$5:$D$434,$A43)=0,"",SUMIFS(Countries!$AR$5:$AR$434,Countries!$A$5:$A$434,"All landing pages",Countries!$D$5:$D$434,$A43)) | J43: =IF(SUMIFS(Countries!$AS$5:$AS$434,Countries!$A$5:$A$434,"All landing pages",Countries!$D$5:$D$434,$A43)=0,"",SUMIFS(Countries!$AS$5:$AS$434,Countries!$A$5:$A$434,"All landing pages",Countries!$D$5:$D$434,$A43)) | K43: =IF(OR(I43="",J43="",J43=0,I43=0),"",J43/I43-1) | L43: =IF(SUMIFS(Countries!$E$5:$E$434,Countries!$A$5:$A$434,"All landing pages",Countries!$D$5:$D$434,$A43,Countries!$P$5:$P$434,">0")=0,"",SUMIFS(Countries!$P$5:$P$434,Countries!$A$5:$A$434,"All landing pages",Countries!$D$5:$D$434,$A43,Countries!$E$5:$E$434,">0")/SUMIFS(Countries!$E$5:$E$434,Countries!$A$5:$A$434,"All landing pages",Countries!$D$5:$D$434,$A43,Countries!$P$5:$P$434,">0")) | M43: =IF(SUMIFS(Countries!$F$5:$F$434,Countries!$A$5:$A$434,"All landing pages",Countries!$D$5:$D$434,$A43,Countries!$Q$5:$Q$434,">0")=0,"",SUMIFS(Countries!$Q$5:$Q$434,Countries!$A$5:$A$434,"All landing pages",Countries!$D$5:$D$434,$A43,Countries!$F$5:$F$434,">0")/SUMIFS(Countries!$F$5:$F$434,Countries!$A$5:$A$434,"All landing pages",Countries!$D$5:$D$434,$A43,Countries!$Q$5:$Q$434,">0")) | N43: =IF(OR(L43="",M43=""),"",(M43-L43)*100) | O43: =IF(SUMIFS(Countries!$P$5:$P$434,Countries!$A$5:$A$434,"All landing pages",Countries!$D$5:$D$434,$A43,Countries!$AR$5:$AR$434,">0")=0,"",SUMIFS(Countries!$AR$5:$AR$434,Countries!$A$5:$A$434,"All landing pages",Countries!$D$5:$D$434,$A43,Countries!$P$5:$P$434,">0")/SUMIFS(Countries!$P$5:$P$434,Countries!$A$5:$A$434,"All landing pages",Countries!$D$5:$D$434,$A43,Countries!$AR$5:$AR$434,">0")) | P43: =IF(SUMIFS(Countries!$Q$5:$Q$434,Countries!$A$5:$A$434,"All landing pages",Countries!$D$5:$D$434,$A43,Countries!$AS$5:$AS$434,">0")=0,"",SUMIFS(Countries!$AS$5:$AS$434,Countries!$A$5:$A$434,"All landing pages",Countries!$D$5:$D$434,$A43,Countries!$Q$5:$Q$434,">0")/SUMIFS(Countries!$Q$5:$Q$434,Countries!$A$5:$A$434,"All landing pages",Countries!$D$5:$D$434,$A43,Countries!$AS$5:$AS$434,">0")) | Q43: =IF(OR(O43="",P43=""),"",(P43-O43)*100) | R43: =IF(SUMIFS(Countries!$E$5:$E$434,Countries!$A$5:$A$434,"All landing pages",Countries!$D$5:$D$434,$A43,Countries!$AR$5:$AR$434,">0")=0,"",SUMIFS(Countries!$AR$5:$AR$434,Countries!$A$5:$A$434,"All landing pages",Countries!$D$5:$D$434,$A43,Countries!$E$5:$E$434,">0")/SUMIFS(Countries!$E$5:$E$434,Countries!$A$5:$A$434,"All landing pages",Countries!$D$5:$D$434,$A43,Countries!$AR$5:$AR$434,">0")) | S43: =IF(SUMIFS(Countries!$F$5:$F$434,Countries!$A$5:$A$434,"All landing pages",Countries!$D$5:$D$434,$A43,Countries!$AS$5:$AS$434,">0")=0,"",SUMIFS(Countries!$AS$5:$AS$434,Countries!$A$5:$A$434,"All landing pages",Countries!$D$5:$D$434,$A43,Countries!$F$5:$F$434,">0")/SUMIFS(Countries!$F$5:$F$434,Countries!$A$5:$A$434,"All landing pages",Countries!$D$5:$D$434,$A43,Countries!$AS$5:$AS$434,">0")) | T43: =IF(OR(R43="",S43=""),"",(S43-R43)*100)
A44: Belgium | B44: All | C44: =IF(SUMIFS(Countries!$E$5:$E$434,Countries!$A$5:$A$434,"All landing pages",Countries!$D$5:$D$434,$A44)=0,"",SUMIFS(Countries!$E$5:$E$434,Countries!$A$5:$A$434,"All landing pages",Countries!$D$5:$D$434,$A44)) | D44: =IF(SUMIFS(Countries!$F$5:$F$434,Countries!$A$5:$A$434,"All landing pages",Countries!$D$5:$D$434,$A44)=0,"",SUMIFS(Countries!$F$5:$F$434,Countries!$A$5:$A$434,"All landing pages",Countries!$D$5:$D$434,$A44)) | E44: =IF(OR(C44="",D44="",D44=0,C44=0),"",D44/C44-1) | F44: =IF(SUMIFS(Countries!$P$5:$P$434,Countries!$A$5:$A$434,"All landing pages",Countries!$D$5:$D$434,$A44)=0,"",SUMIFS(Countries!$P$5:$P$434,Countries!$A$5:$A$434,"All landing pages",Countries!$D$5:$D$434,$A44)) | G44: =IF(SUMIFS(Countries!$Q$5:$Q$434,Countries!$A$5:$A$434,"All landing pages",Countries!$D$5:$D$434,$A44)=0,"",SUMIFS(Countries!$Q$5:$Q$434,Countries!$A$5:$A$434,"All landing pages",Countries!$D$5:$D$434,$A44)) | H44: =IF(OR(F44="",G44="",G44=0,F44=0),"",G44/F44-1) | I44: =IF(SUMIFS(Countries!$AR$5:$AR$434,Countries!$A$5:$A$434,"All landing pages",Countries!$D$5:$D$434,$A44)=0,"",SUMIFS(Countries!$AR$5:$AR$434,Countries!$A$5:$A$434,"All landing pages",Countries!$D$5:$D$434,$A44)) | J44: =IF(SUMIFS(Countries!$AS$5:$AS$434,Countries!$A$5:$A$434,"All landing pages",Countries!$D$5:$D$434,$A44)=0,"",SUMIFS(Countries!$AS$5:$AS$434,Countries!$A$5:$A$434,"All landing pages",Countries!$D$5:$D$434,$A44)) | K44: =IF(OR(I44="",J44="",J44=0,I44=0),"",J44/I44-1) | L44: =IF(SUMIFS(Countries!$E$5:$E$434,Countries!$A$5:$A$434,"All landing pages",Countries!$D$5:$D$434,$A44,Countries!$P$5:$P$434,">0")=0,"",SUMIFS(Countries!$P$5:$P$434,Countries!$A$5:$A$434,"All landing pages",Countries!$D$5:$D$434,$A44,Countries!$E$5:$E$434,">0")/SUMIFS(Countries!$E$5:$E$434,Countries!$A$5:$A$434,"All landing pages",Countries!$D$5:$D$434,$A44,Countries!$P$5:$P$434,">0")) | M44: =IF(SUMIFS(Countries!$F$5:$F$434,Countries!$A$5:$A$434,"All landing pages",Countries!$D$5:$D$434,$A44,Countries!$Q$5:$Q$434,">0")=0,"",SUMIFS(Countries!$Q$5:$Q$434,Countries!$A$5:$A$434,"All landing pages",Countries!$D$5:$D$434,$A44,Countries!$F$5:$F$434,">0")/SUMIFS(Countries!$F$5:$F$434,Countries!$A$5:$A$434,"All landing pages",Countries!$D$5:$D$434,$A44,Countries!$Q$5:$Q$434,">0")) | N44: =IF(OR(L44="",M44=""),"",(M44-L44)*100) | O44: =IF(SUMIFS(Countries!$P$5:$P$434,Countries!$A$5:$A$434,"All landing pages",Countries!$D$5:$D$434,$A44,Countries!$AR$5:$AR$434,">0")=0,"",SUMIFS(Countries!$AR$5:$AR$434,Countries!$A$5:$A$434,"All landing pages",Countries!$D$5:$D$434,$A44,Countries!$P$5:$P$434,">0")/SUMIFS(Countries!$P$5:$P$434,Countries!$A$5:$A$434,"All landing pages",Countries!$D$5:$D$434,$A44,Countries!$AR$5:$AR$434,">0")) | P44: =IF(SUMIFS(Countries!$Q$5:$Q$434,Countries!$A$5:$A$434,"All landing pages",Countries!$D$5:$D$434,$A44,Countries!$AS$5:$AS$434,">0")=0,"",SUMIFS(Countries!$AS$5:$AS$434,Countries!$A$5:$A$434,"All landing pages",Countries!$D$5:$D$434,$A44,Countries!$Q$5:$Q$434,">0")/SUMIFS(Countries!$Q$5:$Q$434,Countries!$A$5:$A$434,"All landing pages",Countries!$D$5:$D$434,$A44,Countries!$AS$5:$AS$434,">0")) | Q44: =IF(OR(O44="",P44=""),"",(P44-O44)*100) | R44: =IF(SUMIFS(Countries!$E$5:$E$434,Countries!$A$5:$A$434,"All landing pages",Countries!$D$5:$D$434,$A44,Countries!$AR$5:$AR$434,">0")=0,"",SUMIFS(Countries!$AR$5:$AR$434,Countries!$A$5:$A$434,"All landing pages",Countries!$D$5:$D$434,$A44,Countries!$E$5:$E$434,">0")/SUMIFS(Countries!$E$5:$E$434,Countries!$A$5:$A$434,"All landing pages",Countries!$D$5:$D$434,$A44,Countries!$AR$5:$AR$434,">0")) | S44: =IF(SUMIFS(Countries!$F$5:$F$434,Countries!$A$5:$A$434,"All landing pages",Countries!$D$5:$D$434,$A44,Countries!$AS$5:$AS$434,">0")=0,"",SUMIFS(Countries!$AS$5:$AS$434,Countries!$A$5:$A$434,"All landing pages",Countries!$D$5:$D$434,$A44,Countries!$F$5:$F$434,">0")/SUMIFS(Countries!$F$5:$F$434,Countries!$A$5:$A$434,"All landing pages",Countries!$D$5:$D$434,$A44,Countries!$AS$5:$AS$434,">0")) | T44: =IF(OR(R44="",S44=""),"",(S44-R44)*100)
A45: Austria | B45: All | C45: =IF(SUMIFS(Countries!$E$5:$E$434,Countries!$A$5:$A$434,"All landing pages",Countries!$D$5:$D$434,$A45)=0,"",SUMIFS(Countries!$E$5:$E$434,Countries!$A$5:$A$434,"All landing pages",Countries!$D$5:$D$434,$A45)) | D45: =IF(SUMIFS(Countries!$F$5:$F$434,Countries!$A$5:$A$434,"All landing pages",Countries!$D$5:$D$434,$A45)=0,"",SUMIFS(Countries!$F$5:$F$434,Countries!$A$5:$A$434,"All landing pages",Countries!$D$5:$D$434,$A45)) | E45: =IF(OR(C45="",D45="",D45=0,C45=0),"",D45/C45-1) | F45: =IF(SUMIFS(Countries!$P$5:$P$434,Countries!$A$5:$A$434,"All landing pages",Countries!$D$5:$D$434,$A45)=0,"",SUMIFS(Countries!$P$5:$P$434,Countries!$A$5:$A$434,"All landing pages",Countries!$D$5:$D$434,$A45)) | G45: =IF(SUMIFS(Countries!$Q$5:$Q$434,Countries!$A$5:$A$434,"All landing pages",Countries!$D$5:$D$434,$A45)=0,"",SUMIFS(Countries!$Q$5:$Q$434,Countries!$A$5:$A$434,"All landing pages",Countries!$D$5:$D$434,$A45)) | H45: =IF(OR(F45="",G45="",G45=0,F45=0),"",G45/F45-1) | I45: =IF(SUMIFS(Countries!$AR$5:$AR$434,Countries!$A$5:$A$434,"All landing pages",Countries!$D$5:$D$434,$A45)=0,"",SUMIFS(Countries!$AR$5:$AR$434,Countries!$A$5:$A$434,"All landing pages",Countries!$D$5:$D$434,$A45)) | J45: =IF(SUMIFS(Countries!$AS$5:$AS$434,Countries!$A$5:$A$434,"All landing pages",Countries!$D$5:$D$434,$A45)=0,"",SUMIFS(Countries!$AS$5:$AS$434,Countries!$A$5:$A$434,"All landing pages",Countries!$D$5:$D$434,$A45)) | K45: =IF(OR(I45="",J45="",J45=0,I45=0),"",J45/I45-1) | L45: =IF(SUMIFS(Countries!$E$5:$E$434,Countries!$A$5:$A$434,"All landing pages",Countries!$D$5:$D$434,$A45,Countries!$P$5:$P$434,">0")=0,"",SUMIFS(Countries!$P$5:$P$434,Countries!$A$5:$A$434,"All landing pages",Countries!$D$5:$D$434,$A45,Countries!$E$5:$E$434,">0")/SUMIFS(Countries!$E$5:$E$434,Countries!$A$5:$A$434,"All landing pages",Countries!$D$5:$D$434,$A45,Countries!$P$5:$P$434,">0")) | M45: =IF(SUMIFS(Countries!$F$5:$F$434,Countries!$A$5:$A$434,"All landing pages",Countries!$D$5:$D$434,$A45,Countries!$Q$5:$Q$434,">0")=0,"",SUMIFS(Countries!$Q$5:$Q$434,Countries!$A$5:$A$434,"All landing pages",Countries!$D$5:$D$434,$A45,Countries!$F$5:$F$434,">0")/SUMIFS(Countries!$F$5:$F$434,Countries!$A$5:$A$434,"All landing pages",Countries!$D$5:$D$434,$A45,Countries!$Q$5:$Q$434,">0")) | N45: =IF(OR(L45="",M45=""),"",(M45-L45)*100) | O45: =IF(SUMIFS(Countries!$P$5:$P$434,Countries!$A$5:$A$434,"All landing pages",Countries!$D$5:$D$434,$A45,Countries!$AR$5:$AR$434,">0")=0,"",SUMIFS(Countries!$AR$5:$AR$434,Countries!$A$5:$A$434,"All landing pages",Countries!$D$5:$D$434,$A45,Countries!$P$5:$P$434,">0")/SUMIFS(Countries!$P$5:$P$434,Countries!$A$5:$A$434,"All landing pages",Countries!$D$5:$D$434,$A45,Countries!$AR$5:$AR$434,">0")) | P45: =IF(SUMIFS(Countries!$Q$5:$Q$434,Countries!$A$5:$A$434,"All landing pages",Countries!$D$5:$D$434,$A45,Countries!$AS$5:$AS$434,">0")=0,"",SUMIFS(Countries!$AS$5:$AS$434,Countries!$A$5:$A$434,"All landing pages",Countries!$D$5:$D$434,$A45,Countries!$Q$5:$Q$434,">0")/SUMIFS(Countries!$Q$5:$Q$434,Countries!$A$5:$A$434,"All landing pages",Countries!$D$5:$D$434,$A45,Countries!$AS$5:$AS$434,">0")) | Q45: =IF(OR(O45="",P45=""),"",(P45-O45)*100) | R45: =IF(SUMIFS(Countries!$E$5:$E$434,Countries!$A$5:$A$434,"All landing pages",Countries!$D$5:$D$434,$A45,Countries!$AR$5:$AR$434,">0")=0,"",SUMIFS(Countries!$AR$5:$AR$434,Countries!$A$5:$A$434,"All landing pages",Countries!$D$5:$D$434,$A45,Countries!$E$5:$E$434,">0")/SUMIFS(Countries!$E$5:$E$434,Countries!$A$5:$A$434,"All landing pages",Countries!$D$5:$D$434,$A45,Countries!$AR$5:$AR$434,">0")) | S45: =IF(SUMIFS(Countries!$F$5:$F$434,Countries!$A$5:$A$434,"All landing pages",Countries!$D$5:$D$434,$A45,Countries!$AS$5:$AS$434,">0")=0,"",SUMIFS(Countries!$AS$5:$AS$434,Countries!$A$5:$A$434,"All landing pages",Countries!$D$5:$D$434,$A45,Countries!$F$5:$F$434,">0")/SUMIFS(Countries!$F$5:$F$434,Countries!$A$5:$A$434,"All landing pages",Countries!$D$5:$D$434,$A45,Countries!$AS$5:$AS$434,">0")) | T45: =IF(OR(R45="",S45=""),"",(S45-R45)*100)
... A59: Ukraine | B59: All | C59: =IF(SUMIFS(Countries!$E$5:$E$434,Countries!$A$5:$A$434,"All landing pages",Countries!$D$5:$D$434,$A59)=0,"",SUMIFS(Countries!$E$5:$E$434,Countries!$A$5:$A$434,"All landing pages",Countries!$D$5:$D$434,$A59)) | D59: =IF(SUMIFS(Countries!$F$5:$F$434,Countries!$A$5:$A$434,"All landing pages",Countries!$D$5:$D$434,$A59)=0,"",SUMIFS(Countries!$F$5:$F$434,Countries!$A$5:$A$434,"All landing pages",Countries!$D$5:$D$434,$A59)) | E59: =IF(OR(C59="",D59="",D59=0,C59=0),"",D59/C59-1) | F59: =IF(SUMIFS(Countries!$P$5:$P$434,Countries!$A$5:$A$434,"All landing pages",Countries!$D$5:$D$434,$A59)=0,"",SUMIFS(Countries!$P$5:$P$434,Countries!$A$5:$A$434,"All landing pages",Countries!$D$5:$D$434,$A59)) | G59: =IF(SUMIFS(Countries!$Q$5:$Q$434,Countries!$A$5:$A$434,"All landing pages",Countries!$D$5:$D$434,$A59)=0,"",SUMIFS(Countries!$Q$5:$Q$434,Countries!$A$5:$A$434,"All landing pages",Countries!$D$5:$D$434,$A59)) | H59: =IF(OR(F59="",G59="",G59=0,F59=0),"",G59/F59-1) | I59: =IF(SUMIFS(Countries!$AR$5:$AR$434,Countries!$A$5:$A$434,"All landing pages",Countries!$D$5:$D$434,$A59)=0,"",SUMIFS(Countries!$AR$5:$AR$434,Countries!$A$5:$A$434,"All landing pages",Countries!$D$5:$D$434,$A59)) | J59: =IF(SUMIFS(Countries!$AS$5:$AS$434,Countries!$A$5:$A$434,"All landing pages",Countries!$D$5:$D$434,$A59)=0,"",SUMIFS(Countries!$AS$5:$AS$434,Countries!$A$5:$A$434,"All landing pages",Countries!$D$5:$D$434,$A59)) | K59: =IF(OR(I59="",J59="",J59=0,I59=0),"",J59/I59-1) | L59: =IF(SUMIFS(Countries!$E$5:$E$434,Countries!$A$5:$A$434,"All landing pages",Countries!$D$5:$D$434,$A59,Countries!$P$5:$P$434,">0")=0,"",SUMIFS(Countries!$P$5:$P$434,Countries!$A$5:$A$434,"All landing pages",Countries!$D$5:$D$434,$A59,Countries!$E$5:$E$434,">0")/SUMIFS(Countries!$E$5:$E$434,Countries!$A$5:$A$434,"All landing pages",Countries!$D$5:$D$434,$A59,Countries!$P$5:$P$434,">0")) | M59: =IF(SUMIFS(Countries!$F$5:$F$434,Countries!$A$5:$A$434,"All landing pages",Countries!$D$5:$D$434,$A59,Countries!$Q$5:$Q$434,">0")=0,"",SUMIFS(Countries!$Q$5:$Q$434,Countries!$A$5:$A$434,"All landing pages",Countries!$D$5:$D$434,$A59,Countries!$F$5:$F$434,">0")/SUMIFS(Countries!$F$5:$F$434,Countries!$A$5:$A$434,"All landing pages",Countries!$D$5:$D$434,$A59,Countries!$Q$5:$Q$434,">0")) | N59: =IF(OR(L59="",M59=""),"",(M59-L59)*100) | O59: =IF(SUMIFS(Countries!$P$5:$P$434,Countries!$A$5:$A$434,"All landing pages",Countries!$D$5:$D$434,$A59,Countries!$AR$5:$AR$434,">0")=0,"",SUMIFS(Countries!$AR$5:$AR$434,Countries!$A$5:$A$434,"All landing pages",Countries!$D$5:$D$434,$A59,Countries!$P$5:$P$434,">0")/SUMIFS(Countries!$P$5:$P$434,Countries!$A$5:$A$434,"All landing pages",Countries!$D$5:$D$434,$A59,Countries!$AR$5:$AR$434,">0")) | P59: =IF(SUMIFS(Countries!$Q$5:$Q$434,Countries!$A$5:$A$434,"All landing pages",Countries!$D$5:$D$434,$A59,Countries!$AS$5:$AS$434,">0")=0,"",SUMIFS(Countries!$AS$5:$AS$434,Countries!$A$5:$A$434,"All landing pages",Countries!$D$5:$D$434,$A59,Countries!$Q$5:$Q$434,">0")/SUMIFS(Countries!$Q$5:$Q$434,Countries!$A$5:$A$434,"All landing pages",Countries!$D$5:$D$434,$A59,Countries!$AS$5:$AS$434,">0")) | Q59: =IF(OR(O59="",P59=""),"",(P59-O59)*100) | R59: =IF(SUMIFS(Countries!$E$5:$E$434,Countries!$A$5:$A$434,"All landing pages",Countries!$D$5:$D$434,$A59,Countries!$AR$5:$AR$434,">0")=0,"",SUMIFS(Countries!$AR$5:$AR$434,Countries!$A$5:$A$434,"All landing pages",Countries!$D$5:$D$434,$A59,Countries!$E$5:$E$434,">0")/SUMIFS(Countries!$E$5:$E$434,Countries!$A$5:$A$434,"All landing pages",Countries!$D$5:$D$434,$A59,Countries!$AR$5:$AR$434,">0")) | S59: =IF(SUMIFS(Countries!$F$5:$F$434,Countries!$A$5:$A$434,"All landing pages",Countries!$D$5:$D$434,$A59,Countries!$AS$5:$AS$434,">0")=0,"",SUMIFS(Countries!$AS$5:$AS$434,Countries!$A$5:$A$434,"All landing pages",Countries!$D$5:$D$434,$A59,Countries!$F$5:$F$434,">0")/SUMIFS(Countries!$F$5:$F$434,Countries!$A$5:$A$434,"All landing pages",Countries!$D$5:$D$434,$A59,Countries!$AS$5:$AS$434,">0")) | T59: =IF(OR(R59="",S59=""),"",(S59-R59)*100)
A60: Sum of listed markets | B60: All | C60: =SUM(C34:C59) | D60: =SUM(D34:D59) | E60: =IF(OR(C60="",D60="",D60=0,C60=0),"",D60/C60-1) | F60: =SUM(F34:F59) | G60: =SUM(G34:G59) | H60: =IF(OR(F60="",G60="",G60=0,F60=0),"",G60/F60-1) | I60: =SUM(I34:I59) | J60: =SUM(J34:J59) | K60: =IF(OR(I60="",J60="",J60=0,I60=0),"",J60/I60-1) | L60: =IF(OR(F60="",C60="",C60=0),"",F60/C60) | M60: =IF(OR(G60="",D60="",D60=0),"",G60/D60) | N60: =IF(OR(L60="",M60=""),"",(M60-L60)*100) | O60: =IF(OR(I60="",F60="",F60=0),"",I60/F60) | P60: =IF(OR(J60="",G60="",G60=0),"",J60/G60) | Q60: =IF(OR(O60="",P60=""),"",(P60-O60)*100) | R60: =IF(OR(I60="",C60="",C60=0),"",I60/C60) | S60: =IF(OR(J60="",D60="",D60=0),"",J60/D60) | T60: =IF(OR(R60="",S60=""),"",(S60-R60)*100)
A61: Scorecard total (3 channels) | B61: All | C61: =SUMIFS(Totals!$D$5:$D$49,Totals!$A$5:$A$49,"All landing pages",Totals!$B$5:$B$49,"Paid Search",Totals!$C$5:$C$49,"Total")+SUMIFS(Totals!$D$5:$D$49,Totals!$A$5:$A$49,"All landing pages",Totals!$B$5:$B$49,"Organic",Totals!$C$5:$C$49,"Total")+SUMIFS(Totals!$D$5:$D$49,Totals!$A$5:$A$49,"All landing pages",Totals!$B$5:$B$49,"Direct",Totals!$C$5:$C$49,"Total") | D61: =SUMIFS(Totals!$E$5:$E$49,Totals!$A$5:$A$49,"All landing pages",Totals!$B$5:$B$49,"Paid Search",Totals!$C$5:$C$49,"Total")+SUMIFS(Totals!$E$5:$E$49,Totals!$A$5:$A$49,"All landing pages",Totals!$B$5:$B$49,"Organic",Totals!$C$5:$C$49,"Total")+SUMIFS(Totals!$E$5:$E$49,Totals!$A$5:$A$49,"All landing pages",Totals!$B$5:$B$49,"Direct",Totals!$C$5:$C$49,"Total") | E61: =IF(OR(C61="",D61="",D61=0,C61=0),"",D61/C61-1) | F61: =SUMIFS(Totals!$O$5:$O$49,Totals!$A$5:$A$49,"All landing pages",Totals!$B$5:$B$49,"Paid Search",Totals!$C$5:$C$49,"Total")+SUMIFS(Totals!$O$5:$O$49,Totals!$A$5:$A$49,"All landing pages",Totals!$B$5:$B$49,"Organic",Totals!$C$5:$C$49,"Total")+SUMIFS(Totals!$O$5:$O$49,Totals!$A$5:$A$49,"All landing pages",Totals!$B$5:$B$49,"Direct",Totals!$C$5:$C$49,"Total") | G61: =SUMIFS(Totals!$P$5:$P$49,Totals!$A$5:$A$49,"All landing pages",Totals!$B$5:$B$49,"Paid Search",Totals!$C$5:$C$49,"Total")+SUMIFS(Totals!$P$5:$P$49,Totals!$A$5:$A$49,"All landing pages",Totals!$B$5:$B$49,"Organic",Totals!$C$5:$C$49,"Total")+SUMIFS(Totals!$P$5:$P$49,Totals!$A$5:$A$49,"All landing pages",Totals!$B$5:$B$49,"Direct",Totals!$C$5:$C$49,"Total") | H61: =IF(OR(F61="",G61="",G61=0,F61=0),"",G61/F61-1) | I61: =SUMIFS(Totals!$AQ$5:$AQ$49,Totals!$A$5:$A$49,"All landing pages",Totals!$B$5:$B$49,"Paid Search",Totals!$C$5:$C$49,"Total")+SUMIFS(Totals!$AQ$5:$AQ$49,Totals!$A$5:$A$49,"All landing pages",Totals!$B$5:$B$49,"Organic",Totals!$C$5:$C$49,"Total")+SUMIFS(Totals!$AQ$5:$AQ$49,Totals!$A$5:$A$49,"All landing pages",Totals!$B$5:$B$49,"Direct",Totals!$C$5:$C$49,"Total") | J61: =SUMIFS(Totals!$AR$5:$AR$49,Totals!$A$5:$A$49,"All landing pages",Totals!$B$5:$B$49,"Paid Search",Totals!$C$5:$C$49,"Total")+SUMIFS(Totals!$AR$5:$AR$49,Totals!$A$5:$A$49,"All landing pages",Totals!$B$5:$B$49,"Organic",Totals!$C$5:$C$49,"Total")+SUMIFS(Totals!$AR$5:$AR$49,Totals!$A$5:$A$49,"All landing pages",Totals!$B$5:$B$49,"Direct",Totals!$C$5:$C$49,"Total") | K61: =IF(OR(I61="",J61="",J61=0,I61=0),"",J61/I61-1) | L61: =IF(OR(F61="",C61="",C61=0),"",F61/C61) | M61: =IF(OR(G61="",D61="",D61=0),"",G61/D61) | N61: =IF(OR(L61="",M61=""),"",(M61-L61)*100) | O61: =IF(OR(I61="",F61="",F61=0),"",I61/F61) | P61: =IF(OR(J61="",G61="",G61=0),"",J61/G61) | Q61: =IF(OR(O61="",P61=""),"",(P61-O61)*100) | R61: =IF(OR(I61="",C61="",C61=0),"",I61/C61) | S61: =IF(OR(J61="",D61="",D61=0),"",J61/D61) | T61: =IF(OR(R61="",S61=""),"",(S61-R61)*100)
A62: Coverage of listed markets | C62: =IFERROR(C60/C61,"") | D62: =IFERROR(D60/D61,"") | F62: =IFERROR(F60/F61,"") | G62: =IFERROR(G60/G61,"") | I62: =IFERROR(I60/I61,"") | J62: =IFERROR(J60/J61,"")
A64: By market — Direct channel only (all landing pages, Mobile + Desktop — Looker visible rows only)
A65: United Kingdom | B65: Direct | C65: =IF(SUMIFS(Countries!$E$5:$E$434,Countries!$A$5:$A$434,"All landing pages",Countries!$B$5:$B$434,"Direct",Countries!$D$5:$D$434,$A65)=0,"",SUMIFS(Countries!$E$5:$E$434,Countries!$A$5:$A$434,"All landing pages",Countries!$B$5:$B$434,"Direct",Countries!$D$5:$D$434,$A65)) | D65: =IF(SUMIFS(Countries!$F$5:$F$434,Countries!$A$5:$A$434,"All landing pages",Countries!$B$5:$B$434,"Direct",Countries!$D$5:$D$434,$A65)=0,"",SUMIFS(Countries!$F$5:$F$434,Countries!$A$5:$A$434,"All landing pages",Countries!$B$5:$B$434,"Direct",Countries!$D$5:$D$434,$A65)) | E65: =IF(OR(C65="",D65="",D65=0,C65=0),"",D65/C65-1) | F65: =IF(SUMIFS(Countries!$P$5:$P$434,Countries!$A$5:$A$434,"All landing pages",Countries!$B$5:$B$434,"Direct",Countries!$D$5:$D$434,$A65)=0,"",SUMIFS(Countries!$P$5:$P$434,Countries!$A$5:$A$434,"All landing pages",Countries!$B$5:$B$434,"Direct",Countries!$D$5:$D$434,$A65)) | G65: =IF(SUMIFS(Countries!$Q$5:$Q$434,Countries!$A$5:$A$434,"All landing pages",Countries!$B$5:$B$434,"Direct",Countries!$D$5:$D$434,$A65)=0,"",SUMIFS(Countries!$Q$5:$Q$434,Countries!$A$5:$A$434,"All landing pages",Countries!$B$5:$B$434,"Direct",Countries!$D$5:$D$434,$A65)) | H65: =IF(OR(F65="",G65="",G65=0,F65=0),"",G65/F65-1) | I65: =IF(SUMIFS(Countries!$AR$5:$AR$434,Countries!$A$5:$A$434,"All landing pages",Countries!$B$5:$B$434,"Direct",Countries!$D$5:$D$434,$A65)=0,"",SUMIFS(Countries!$AR$5:$AR$434,Countries!$A$5:$A$434,"All landing pages",Countries!$B$5:$B$434,"Direct",Countries!$D$5:$D$434,$A65)) | J65: =IF(SUMIFS(Countries!$AS$5:$AS$434,Countries!$A$5:$A$434,"All landing pages",Countries!$B$5:$B$434,"Direct",Countries!$D$5:$D$434,$A65)=0,"",SUMIFS(Countries!$AS$5:$AS$434,Countries!$A$5:$A$434,"All landing pages",Countries!$B$5:$B$434,"Direct",Countries!$D$5:$D$434,$A65)) | K65: =IF(OR(I65="",J65="",J65=0,I65=0),"",J65/I65-1) | L65: =IF(SUMIFS(Countries!$E$5:$E$434,Countries!$A$5:$A$434,"All landing pages",Countries!$B$5:$B$434,"Direct",Countries!$D$5:$D$434,$A65,Countries!$P$5:$P$434,">0")=0,"",SUMIFS(Countries!$P$5:$P$434,Countries!$A$5:$A$434,"All landing pages",Countries!$B$5:$B$434,"Direct",Countries!$D$5:$D$434,$A65,Countries!$E$5:$E$434,">0")/SUMIFS(Countries!$E$5:$E$434,Countries!$A$5:$A$434,"All landing pages",Countries!$B$5:$B$434,"Direct",Countries!$D$5:$D$434,$A65,Countries!$P$5:$P$434,">0")) | M65: =IF(SUMIFS(Countries!$F$5:$F$434,Countries!$A$5:$A$434,"All landing pages",Countries!$B$5:$B$434,"Direct",Countries!$D$5:$D$434,$A65,Countries!$Q$5:$Q$434,">0")=0,"",SUMIFS(Countries!$Q$5:$Q$434,Countries!$A$5:$A$434,"All landing pages",Countries!$B$5:$B$434,"Direct",Countries!$D$5:$D$434,$A65,Countries!$F$5:$F$434,">0")/SUMIFS(Countries!$F$5:$F$434,Countries!$A$5:$A$434,"All landing pages",Countries!$B$5:$B$434,"Direct",Countries!$D$5:$D$434,$A65,Countries!$Q$5:$Q$434,">0")) | N65: =IF(OR(L65="",M65=""),"",(M65-L65)*100) | O65: =IF(SUMIFS(Countries!$P$5:$P$434,Countries!$A$5:$A$434,"All landing pages",Countries!$B$5:$B$434,"Direct",Countries!$D$5:$D$434,$A65,Countries!$AR$5:$AR$434,">0")=0,"",SUMIFS(Countries!$AR$5:$AR$434,Countries!$A$5:$A$434,"All landing pages",Countries!$B$5:$B$434,"Direct",Countries!$D$5:$D$434,$A65,Countries!$P$5:$P$434,">0")/SUMIFS(Countries!$P$5:$P$434,Countries!$A$5:$A$434,"All landing pages",Countries!$B$5:$B$434,"Direct",Countries!$D$5:$D$434,$A65,Countries!$AR$5:$AR$434,">0")) | P65: =IF(SUMIFS(Countries!$Q$5:$Q$434,Countries!$A$5:$A$434,"All landing pages",Countries!$B$5:$B$434,"Direct",Countries!$D$5:$D$434,$A65,Countries!$AS$5:$AS$434,">0")=0,"",SUMIFS(Countries!$AS$5:$AS$434,Countries!$A$5:$A$434,"All landing pages",Countries!$B$5:$B$434,"Direct",Countries!$D$5:$D$434,$A65,Countries!$Q$5:$Q$434,">0")/SUMIFS(Countries!$Q$5:$Q$434,Countries!$A$5:$A$434,"All landing pages",Countries!$B$5:$B$434,"Direct",Countries!$D$5:$D$434,$A65,Countries!$AS$5:$AS$434,">0")) | Q65: =IF(OR(O65="",P65=""),"",(P65-O65)*100) | R65: =IF(SUMIFS(Countries!$E$5:$E$434,Countries!$A$5:$A$434,"All landing pages",Countries!$B$5:$B$434,"Direct",Countries!$D$5:$D$434,$A65,Countries!$AR$5:$AR$434,">0")=0,"",SUMIFS(Countries!$AR$5:$AR$434,Countries!$A$5:$A$434,"All landing pages",Countries!$B$5:$B$434,"Direct",Countries!$D$5:$D$434,$A65,Countries!$E$5:$E$434,">0")/SUMIFS(Countries!$E$5:$E$434,Countries!$A$5:$A$434,"All landing pages",Countries!$B$5:$B$434,"Direct",Countries!$D$5:$D$434,$A65,Countries!$AR$5:$AR$434,">0")) | S65: =IF(SUMIFS(Countries!$F$5:$F$434,Countries!$A$5:$A$434,"All landing pages",Countries!$B$5:$B$434,"Direct",Countries!$D$5:$D$434,$A65,Countries!$AS$5:$AS$434,">0")=0,"",SUMIFS(Countries!$AS$5:$AS$434,Countries!$A$5:$A$434,"All landing pages",Countries!$B$5:$B$434,"Direct",Countries!$D$5:$D$434,$A65,Countries!$F$5:$F$434,">0")/SUMIFS(Countries!$F$5:$F$434,Countries!$A$5:$A$434,"All landing pages",Countries!$B$5:$B$434,"Direct",Countries!$D$5:$D$434,$A65,Countries!$AS$5:$AS$434,">0")) | T65: =IF(OR(R65="",S65=""),"",(S65-R65)*100)
A66: Germany | B66: Direct | C66: =IF(SUMIFS(Countries!$E$5:$E$434,Countries!$A$5:$A$434,"All landing pages",Countries!$B$5:$B$434,"Direct",Countries!$D$5:$D$434,$A66)=0,"",SUMIFS(Countries!$E$5:$E$434,Countries!$A$5:$A$434,"All landing pages",Countries!$B$5:$B$434,"Direct",Countries!$D$5:$D$434,$A66)) | D66: =IF(SUMIFS(Countries!$F$5:$F$434,Countries!$A$5:$A$434,"All landing pages",Countries!$B$5:$B$434,"Direct",Countries!$D$5:$D$434,$A66)=0,"",SUMIFS(Countries!$F$5:$F$434,Countries!$A$5:$A$434,"All landing pages",Countries!$B$5:$B$434,"Direct",Countries!$D$5:$D$434,$A66)) | E66: =IF(OR(C66="",D66="",D66=0,C66=0),"",D66/C66-1) | F66: =IF(SUMIFS(Countries!$P$5:$P$434,Countries!$A$5:$A$434,"All landing pages",Countries!$B$5:$B$434,"Direct",Countries!$D$5:$D$434,$A66)=0,"",SUMIFS(Countries!$P$5:$P$434,Countries!$A$5:$A$434,"All landing pages",Countries!$B$5:$B$434,"Direct",Countries!$D$5:$D$434,$A66)) | G66: =IF(SUMIFS(Countries!$Q$5:$Q$434,Countries!$A$5:$A$434,"All landing pages",Countries!$B$5:$B$434,"Direct",Countries!$D$5:$D$434,$A66)=0,"",SUMIFS(Countries!$Q$5:$Q$434,Countries!$A$5:$A$434,"All landing pages",Countries!$B$5:$B$434,"Direct",Countries!$D$5:$D$434,$A66)) | H66: =IF(OR(F66="",G66="",G66=0,F66=0),"",G66/F66-1) | I66: =IF(SUMIFS(Countries!$AR$5:$AR$434,Countries!$A$5:$A$434,"All landing pages",Countries!$B$5:$B$434,"Direct",Countries!$D$5:$D$434,$A66)=0,"",SUMIFS(Countries!$AR$5:$AR$434,Countries!$A$5:$A$434,"All landing pages",Countries!$B$5:$B$434,"Direct",Countries!$D$5:$D$434,$A66)) | J66: =IF(SUMIFS(Countries!$AS$5:$AS$434,Countries!$A$5:$A$434,"All landing pages",Countries!$B$5:$B$434,"Direct",Countries!$D$5:$D$434,$A66)=0,"",SUMIFS(Countries!$AS$5:$AS$434,Countries!$A$5:$A$434,"All landing pages",Countries!$B$5:$B$434,"Direct",Countries!$D$5:$D$434,$A66)) | K66: =IF(OR(I66="",J66="",J66=0,I66=0),"",J66/I66-1) | L66: =IF(SUMIFS(Countries!$E$5:$E$434,Countries!$A$5:$A$434,"All landing pages",Countries!$B$5:$B$434,"Direct",Countries!$D$5:$D$434,$A66,Countries!$P$5:$P$434,">0")=0,"",SUMIFS(Countries!$P$5:$P$434,Countries!$A$5:$A$434,"All landing pages",Countries!$B$5:$B$434,"Direct",Countries!$D$5:$D$434,$A66,Countries!$E$5:$E$434,">0")/SUMIFS(Countries!$E$5:$E$434,Countries!$A$5:$A$434,"All landing pages",Countries!$B$5:$B$434,"Direct",Countries!$D$5:$D$434,$A66,Countries!$P$5:$P$434,">0")) | M66: =IF(SUMIFS(Countries!$F$5:$F$434,Countries!$A$5:$A$434,"All landing pages",Countries!$B$5:$B$434,"Direct",Countries!$D$5:$D$434,$A66,Countries!$Q$5:$Q$434,">0")=0,"",SUMIFS(Countries!$Q$5:$Q$434,Countries!$A$5:$A$434,"All landing pages",Countries!$B$5:$B$434,"Direct",Countries!$D$5:$D$434,$A66,Countries!$F$5:$F$434,">0")/SUMIFS(Countries!$F$5:$F$434,Countries!$A$5:$A$434,"All landing pages",Countries!$B$5:$B$434,"Direct",Countries!$D$5:$D$434,$A66,Countries!$Q$5:$Q$434,">0")) | N66: =IF(OR(L66="",M66=""),"",(M66-L66)*100) | O66: =IF(SUMIFS(Countries!$P$5:$P$434,Countries!$A$5:$A$434,"All landing pages",Countries!$B$5:$B$434,"Direct",Countries!$D$5:$D$434,$A66,Countries!$AR$5:$AR$434,">0")=0,"",SUMIFS(Countries!$AR$5:$AR$434,Countries!$A$5:$A$434,"All landing pages",Countries!$B$5:$B$434,"Direct",Countries!$D$5:$D$434,$A66,Countries!$P$5:$P$434,">0")/SUMIFS(Countries!$P$5:$P$434,Countries!$A$5:$A$434,"All landing pages",Countries!$B$5:$B$434,"Direct",Countries!$D$5:$D$434,$A66,Countries!$AR$5:$AR$434,">0")) | P66: =IF(SUMIFS(Countries!$Q$5:$Q$434,Countries!$A$5:$A$434,"All landing pages",Countries!$B$5:$B$434,"Direct",Countries!$D$5:$D$434,$A66,Countries!$AS$5:$AS$434,">0")=0,"",SUMIFS(Countries!$AS$5:$AS$434,Countries!$A$5:$A$434,"All landing pages",Countries!$B$5:$B$434,"Direct",Countries!$D$5:$D$434,$A66,Countries!$Q$5:$Q$434,">0")/SUMIFS(Countries!$Q$5:$Q$434,Countries!$A$5:$A$434,"All landing pages",Countries!$B$5:$B$434,"Direct",Countries!$D$5:$D$434,$A66,Countries!$AS$5:$AS$434,">0")) | Q66: =IF(OR(O66="",P66=""),"",(P66-O66)*100) | R66: =IF(SUMIFS(Countries!$E$5:$E$434,Countries!$A$5:$A$434,"All landing pages",Countries!$B$5:$B$434,"Direct",Countries!$D$5:$D$434,$A66,Countries!$AR$5:$AR$434,">0")=0,"",SUMIFS(Countries!$AR$5:$AR$434,Countries!$A$5:$A$434,"All landing pages",Countries!$B$5:$B$434,"Direct",Countries!$D$5:$D$434,$A66,Countries!$E$5:$E$434,">0")/SUMIFS(Countries!$E$5:$E$434,Countries!$A$5:$A$434,"All landing pages",Countries!$B$5:$B$434,"Direct",Countries!$D$5:$D$434,$A66,Countries!$AR$5:$AR$434,">0")) | S66: =IF(SUMIFS(Countries!$F$5:$F$434,Countries!$A$5:$A$434,"All landing pages",Countries!$B$5:$B$434,"Direct",Countries!$D$5:$D$434,$A66,Countries!$AS$5:$AS$434,">0")=0,"",SUMIFS(Countries!$AS$5:$AS$434,Countries!$A$5:$A$434,"All landing pages",Countries!$B$5:$B$434,"Direct",Countries!$D$5:$D$434,$A66,Countries!$F$5:$F$434,">0")/SUMIFS(Countries!$F$5:$F$434,Countries!$A$5:$A$434,"All landing pages",Countries!$B$5:$B$434,"Direct",Countries!$D$5:$D$434,$A66,Countries!$AS$5:$AS$434,">0")) | T66: =IF(OR(R66="",S66=""),"",(S66-R66)*100)
A67: Italy | B67: Direct | C67: =IF(SUMIFS(Countries!$E$5:$E$434,Countries!$A$5:$A$434,"All landing pages",Countries!$B$5:$B$434,"Direct",Countries!$D$5:$D$434,$A67)=0,"",SUMIFS(Countries!$E$5:$E$434,Countries!$A$5:$A$434,"All landing pages",Countries!$B$5:$B$434,"Direct",Countries!$D$5:$D$434,$A67)) | D67: =IF(SUMIFS(Countries!$F$5:$F$434,Countries!$A$5:$A$434,"All landing pages",Countries!$B$5:$B$434,"Direct",Countries!$D$5:$D$434,$A67)=0,"",SUMIFS(Countries!$F$5:$F$434,Countries!$A$5:$A$434,"All landing pages",Countries!$B$5:$B$434,"Direct",Countries!$D$5:$D$434,$A67)) | E67: =IF(OR(C67="",D67="",D67=0,C67=0),"",D67/C67-1) | F67: =IF(SUMIFS(Countries!$P$5:$P$434,Countries!$A$5:$A$434,"All landing pages",Countries!$B$5:$B$434,"Direct",Countries!$D$5:$D$434,$A67)=0,"",SUMIFS(Countries!$P$5:$P$434,Countries!$A$5:$A$434,"All landing pages",Countries!$B$5:$B$434,"Direct",Countries!$D$5:$D$434,$A67)) | G67: =IF(SUMIFS(Countries!$Q$5:$Q$434,Countries!$A$5:$A$434,"All landing pages",Countries!$B$5:$B$434,"Direct",Countries!$D$5:$D$434,$A67)=0,"",SUMIFS(Countries!$Q$5:$Q$434,Countries!$A$5:$A$434,"All landing pages",Countries!$B$5:$B$434,"Direct",Countries!$D$5:$D$434,$A67)) | H67: =IF(OR(F67="",G67="",G67=0,F67=0),"",G67/F67-1) | I67: =IF(SUMIFS(Countries!$AR$5:$AR$434,Countries!$A$5:$A$434,"All landing pages",Countries!$B$5:$B$434,"Direct",Countries!$D$5:$D$434,$A67)=0,"",SUMIFS(Countries!$AR$5:$AR$434,Countries!$A$5:$A$434,"All landing pages",Countries!$B$5:$B$434,"Direct",Countries!$D$5:$D$434,$A67)) | J67: =IF(SUMIFS(Countries!$AS$5:$AS$434,Countries!$A$5:$A$434,"All landing pages",Countries!$B$5:$B$434,"Direct",Countries!$D$5:$D$434,$A67)=0,"",SUMIFS(Countries!$AS$5:$AS$434,Countries!$A$5:$A$434,"All landing pages",Countries!$B$5:$B$434,"Direct",Countries!$D$5:$D$434,$A67)) | K67: =IF(OR(I67="",J67="",J67=0,I67=0),"",J67/I67-1) | L67: =IF(SUMIFS(Countries!$E$5:$E$434,Countries!$A$5:$A$434,"All landing pages",Countries!$B$5:$B$434,"Direct",Countries!$D$5:$D$434,$A67,Countries!$P$5:$P$434,">0")=0,"",SUMIFS(Countries!$P$5:$P$434,Countries!$A$5:$A$434,"All landing pages",Countries!$B$5:$B$434,"Direct",Countries!$D$5:$D$434,$A67,Countries!$E$5:$E$434,">0")/SUMIFS(Countries!$E$5:$E$434,Countries!$A$5:$A$434,"All landing pages",Countries!$B$5:$B$434,"Direct",Countries!$D$5:$D$434,$A67,Countries!$P$5:$P$434,">0")) | M67: =IF(SUMIFS(Countries!$F$5:$F$434,Countries!$A$5:$A$434,"All landing pages",Countries!$B$5:$B$434,"Direct",Countries!$D$5:$D$434,$A67,Countries!$Q$5:$Q$434,">0")=0,"",SUMIFS(Countries!$Q$5:$Q$434,Countries!$A$5:$A$434,"All landing pages",Countries!$B$5:$B$434,"Direct",Countries!$D$5:$D$434,$A67,Countries!$F$5:$F$434,">0")/SUMIFS(Countries!$F$5:$F$434,Countries!$A$5:$A$434,"All landing pages",Countries!$B$5:$B$434,"Direct",Countries!$D$5:$D$434,$A67,Countries!$Q$5:$Q$434,">0")) | N67: =IF(OR(L67="",M67=""),"",(M67-L67)*100) | O67: =IF(SUMIFS(Countries!$P$5:$P$434,Countries!$A$5:$A$434,"All landing pages",Countries!$B$5:$B$434,"Direct",Countries!$D$5:$D$434,$A67,Countries!$AR$5:$AR$434,">0")=0,"",SUMIFS(Countries!$AR$5:$AR$434,Countries!$A$5:$A$434,"All landing pages",Countries!$B$5:$B$434,"Direct",Countries!$D$5:$D$434,$A67,Countries!$P$5:$P$434,">0")/SUMIFS(Countries!$P$5:$P$434,Countries!$A$5:$A$434,"All landing pages",Countries!$B$5:$B$434,"Direct",Countries!$D$5:$D$434,$A67,Countries!$AR$5:$AR$434,">0")) | P67: =IF(SUMIFS(Countries!$Q$5:$Q$434,Countries!$A$5:$A$434,"All landing pages",Countries!$B$5:$B$434,"Direct",Countries!$D$5:$D$434,$A67,Countries!$AS$5:$AS$434,">0")=0,"",SUMIFS(Countries!$AS$5:$AS$434,Countries!$A$5:$A$434,"All landing pages",Countries!$B$5:$B$434,"Direct",Countries!$D$5:$D$434,$A67,Countries!$Q$5:$Q$434,">0")/SUMIFS(Countries!$Q$5:$Q$434,Countries!$A$5:$A$434,"All landing pages",Countries!$B$5:$B$434,"Direct",Countries!$D$5:$D$434,$A67,Countries!$AS$5:$AS$434,">0")) | Q67: =IF(OR(O67="",P67=""),"",(P67-O67)*100) | R67: =IF(SUMIFS(Countries!$E$5:$E$434,Countries!$A$5:$A$434,"All landing pages",Countries!$B$5:$B$434,"Direct",Countries!$D$5:$D$434,$A67,Countries!$AR$5:$AR$434,">0")=0,"",SUMIFS(Countries!$AR$5:$AR$434,Countries!$A$5:$A$434,"All landing pages",Countries!$B$5:$B$434,"Direct",Countries!$D$5:$D$434,$A67,Countries!$E$5:$E$434,">0")/SUMIFS(Countries!$E$5:$E$434,Countries!$A$5:$A$434,"All landing pages",Countries!$B$5:$B$434,"Direct",Countries!$D$5:$D$434,$A67,Countries!$AR$5:$AR$434,">0")) | S67: =IF(SUMIFS(Countries!$F$5:$F$434,Countries!$A$5:$A$434,"All landing pages",Countries!$B$5:$B$434,"Direct",Countries!$D$5:$D$434,$A67,Countries!$AS$5:$AS$434,">0")=0,"",SUMIFS(Countries!$AS$5:$AS$434,Countries!$A$5:$A$434,"All landing pages",Countries!$B$5:$B$434,"Direct",Countries!$D$5:$D$434,$A67,Countries!$F$5:$F$434,">0")/SUMIFS(Countries!$F$5:$F$434,Countries!$A$5:$A$434,"All landing pages",Countries!$B$5:$B$434,"Direct",Countries!$D$5:$D$434,$A67,Countries!$AS$5:$AS$434,">0")) | T67: =IF(OR(R67="",S67=""),"",(S67-R67)*100)
A68: Spain | B68: Direct | C68: =IF(SUMIFS(Countries!$E$5:$E$434,Countries!$A$5:$A$434,"All landing pages",Countries!$B$5:$B$434,"Direct",Countries!$D$5:$D$434,$A68)=0,"",SUMIFS(Countries!$E$5:$E$434,Countries!$A$5:$A$434,"All landing pages",Countries!$B$5:$B$434,"Direct",Countries!$D$5:$D$434,$A68)) | D68: =IF(SUMIFS(Countries!$F$5:$F$434,Countries!$A$5:$A$434,"All landing pages",Countries!$B$5:$B$434,"Direct",Countries!$D$5:$D$434,$A68)=0,"",SUMIFS(Countries!$F$5:$F$434,Countries!$A$5:$A$434,"All landing pages",Countries!$B$5:$B$434,"Direct",Countries!$D$5:$D$434,$A68)) | E68: =IF(OR(C68="",D68="",D68=0,C68=0),"",D68/C68-1) | F68: =IF(SUMIFS(Countries!$P$5:$P$434,Countries!$A$5:$A$434,"All landing pages",Countries!$B$5:$B$434,"Direct",Countries!$D$5:$D$434,$A68)=0,"",SUMIFS(Countries!$P$5:$P$434,Countries!$A$5:$A$434,"All landing pages",Countries!$B$5:$B$434,"Direct",Countries!$D$5:$D$434,$A68)) | G68: =IF(SUMIFS(Countries!$Q$5:$Q$434,Countries!$A$5:$A$434,"All landing pages",Countries!$B$5:$B$434,"Direct",Countries!$D$5:$D$434,$A68)=0,"",SUMIFS(Countries!$Q$5:$Q$434,Countries!$A$5:$A$434,"All landing pages",Countries!$B$5:$B$434,"Direct",Countries!$D$5:$D$434,$A68)) | H68: =IF(OR(F68="",G68="",G68=0,F68=0),"",G68/F68-1) | I68: =IF(SUMIFS(Countries!$AR$5:$AR$434,Countries!$A$5:$A$434,"All landing pages",Countries!$B$5:$B$434,"Direct",Countries!$D$5:$D$434,$A68)=0,"",SUMIFS(Countries!$AR$5:$AR$434,Countries!$A$5:$A$434,"All landing pages",Countries!$B$5:$B$434,"Direct",Countries!$D$5:$D$434,$A68)) | J68: =IF(SUMIFS(Countries!$AS$5:$AS$434,Countries!$A$5:$A$434,"All landing pages",Countries!$B$5:$B$434,"Direct",Countries!$D$5:$D$434,$A68)=0,"",SUMIFS(Countries!$AS$5:$AS$434,Countries!$A$5:$A$434,"All landing pages",Countries!$B$5:$B$434,"Direct",Countries!$D$5:$D$434,$A68)) | K68: =IF(OR(I68="",J68="",J68=0,I68=0),"",J68/I68-1) | L68: =IF(SUMIFS(Countries!$E$5:$E$434,Countries!$A$5:$A$434,"All landing pages",Countries!$B$5:$B$434,"Direct",Countries!$D$5:$D$434,$A68,Countries!$P$5:$P$434,">0")=0,"",SUMIFS(Countries!$P$5:$P$434,Countries!$A$5:$A$434,"All landing pages",Countries!$B$5:$B$434,"Direct",Countries!$D$5:$D$434,$A68,Countries!$E$5:$E$434,">0")/SUMIFS(Countries!$E$5:$E$434,Countries!$A$5:$A$434,"All landing pages",Countries!$B$5:$B$434,"Direct",Countries!$D$5:$D$434,$A68,Countries!$P$5:$P$434,">0")) | M68: =IF(SUMIFS(Countries!$F$5:$F$434,Countries!$A$5:$A$434,"All landing pages",Countries!$B$5:$B$434,"Direct",Countries!$D$5:$D$434,$A68,Countries!$Q$5:$Q$434,">0")=0,"",SUMIFS(Countries!$Q$5:$Q$434,Countries!$A$5:$A$434,"All landing pages",Countries!$B$5:$B$434,"Direct",Countries!$D$5:$D$434,$A68,Countries!$F$5:$F$434,">0")/SUMIFS(Countries!$F$5:$F$434,Countries!$A$5:$A$434,"All landing pages",Countries!$B$5:$B$434,"Direct",Countries!$D$5:$D$434,$A68,Countries!$Q$5:$Q$434,">0")) | N68: =IF(OR(L68="",M68=""),"",(M68-L68)*100) | O68: =IF(SUMIFS(Countries!$P$5:$P$434,Countries!$A$5:$A$434,"All landing pages",Countries!$B$5:$B$434,"Direct",Countries!$D$5:$D$434,$A68,Countries!$AR$5:$AR$434,">0")=0,"",SUMIFS(Countries!$AR$5:$AR$434,Countries!$A$5:$A$434,"All landing pages",Countries!$B$5:$B$434,"Direct",Countries!$D$5:$D$434,$A68,Countries!$P$5:$P$434,">0")/SUMIFS(Countries!$P$5:$P$434,Countries!$A$5:$A$434,"All landing pages",Countries!$B$5:$B$434,"Direct",Countries!$D$5:$D$434,$A68,Countries!$AR$5:$AR$434,">0")) | P68: =IF(SUMIFS(Countries!$Q$5:$Q$434,Countries!$A$5:$A$434,"All landing pages",Countries!$B$5:$B$434,"Direct",Countries!$D$5:$D$434,$A68,Countries!$AS$5:$AS$434,">0")=0,"",SUMIFS(Countries!$AS$5:$AS$434,Countries!$A$5:$A$434,"All landing pages",Countries!$B$5:$B$434,"Direct",Countries!$D$5:$D$434,$A68,Countries!$Q$5:$Q$434,">0")/SUMIFS(Countries!$Q$5:$Q$434,Countries!$A$5:$A$434,"All landing pages",Countries!$B$5:$B$434,"Direct",Countries!$D$5:$D$434,$A68,Countries!$AS$5:$AS$434,">0")) | Q68: =IF(OR(O68="",P68=""),"",(P68-O68)*100) | R68: =IF(SUMIFS(Countries!$E$5:$E$434,Countries!$A$5:$A$434,"All landing pages",Countries!$B$5:$B$434,"Direct",Countries!$D$5:$D$434,$A68,Countries!$AR$5:$AR$434,">0")=0,"",SUMIFS(Countries!$AR$5:$AR$434,Countries!$A$5:$A$434,"All landing pages",Countries!$B$5:$B$434,"Direct",Countries!$D$5:$D$434,$A68,Countries!$E$5:$E$434,">0")/SUMIFS(Countries!$E$5:$E$434,Countries!$A$5:$A$434,"All landing pages",Countries!$B$5:$B$434,"Direct",Countries!$D$5:$D$434,$A68,Countries!$AR$5:$AR$434,">0")) | S68: =IF(SUMIFS(Countries!$F$5:$F$434,Countries!$A$5:$A$434,"All landing pages",Countries!$B$5:$B$434,"Direct",Countries!$D$5:$D$434,$A68,Countries!$AS$5:$AS$434,">0")=0,"",SUMIFS(Countries!$AS$5:$AS$434,Countries!$A$5:$A$434,"All landing pages",Countries!$B$5:$B$434,"Direct",Countries!$D$5:$D$434,$A68,Countries!$F$5:$F$434,">0")/SUMIFS(Countries!$F$5:$F$434,Countries!$A$5:$A$434,"All landing pages",Countries!$B$5:$B$434,"Direct",Countries!$D$5:$D$434,$A68,Countries!$AS$5:$AS$434,">0")) | T68: =IF(OR(R68="",S68=""),"",(S68-R68)*100)
A69: Ireland | B69: Direct | C69: =IF(SUMIFS(Countries!$E$5:$E$434,Countries!$A$5:$A$434,"All landing pages",Countries!$B$5:$B$434,"Direct",Countries!$D$5:$D$434,$A69)=0,"",SUMIFS(Countries!$E$5:$E$434,Countries!$A$5:$A$434,"All landing pages",Countries!$B$5:$B$434,"Direct",Countries!$D$5:$D$434,$A69)) | D69: =IF(SUMIFS(Countries!$F$5:$F$434,Countries!$A$5:$A$434,"All landing pages",Countries!$B$5:$B$434,"Direct",Countries!$D$5:$D$434,$A69)=0,"",SUMIFS(Countries!$F$5:$F$434,Countries!$A$5:$A$434,"All landing pages",Countries!$B$5:$B$434,"Direct",Countries!$D$5:$D$434,$A69)) | E69: =IF(OR(C69="",D69="",D69=0,C69=0),"",D69/C69-1) | F69: =IF(SUMIFS(Countries!$P$5:$P$434,Countries!$A$5:$A$434,"All landing pages",Countries!$B$5:$B$434,"Direct",Countries!$D$5:$D$434,$A69)=0,"",SUMIFS(Countries!$P$5:$P$434,Countries!$A$5:$A$434,"All landing pages",Countries!$B$5:$B$434,"Direct",Countries!$D$5:$D$434,$A69)) | G69: =IF(SUMIFS(Countries!$Q$5:$Q$434,Countries!$A$5:$A$434,"All landing pages",Countries!$B$5:$B$434,"Direct",Countries!$D$5:$D$434,$A69)=0,"",SUMIFS(Countries!$Q$5:$Q$434,Countries!$A$5:$A$434,"All landing pages",Countries!$B$5:$B$434,"Direct",Countries!$D$5:$D$434,$A69)) | H69: =IF(OR(F69="",G69="",G69=0,F69=0),"",G69/F69-1) | I69: =IF(SUMIFS(Countries!$AR$5:$AR$434,Countries!$A$5:$A$434,"All landing pages",Countries!$B$5:$B$434,"Direct",Countries!$D$5:$D$434,$A69)=0,"",SUMIFS(Countries!$AR$5:$AR$434,Countries!$A$5:$A$434,"All landing pages",Countries!$B$5:$B$434,"Direct",Countries!$D$5:$D$434,$A69)) | J69: =IF(SUMIFS(Countries!$AS$5:$AS$434,Countries!$A$5:$A$434,"All landing pages",Countries!$B$5:$B$434,"Direct",Countries!$D$5:$D$434,$A69)=0,"",SUMIFS(Countries!$AS$5:$AS$434,Countries!$A$5:$A$434,"All landing pages",Countries!$B$5:$B$434,"Direct",Countries!$D$5:$D$434,$A69)) | K69: =IF(OR(I69="",J69="",J69=0,I69=0),"",J69/I69-1) | L69: =IF(SUMIFS(Countries!$E$5:$E$434,Countries!$A$5:$A$434,"All landing pages",Countries!$B$5:$B$434,"Direct",Countries!$D$5:$D$434,$A69,Countries!$P$5:$P$434,">0")=0,"",SUMIFS(Countries!$P$5:$P$434,Countries!$A$5:$A$434,"All landing pages",Countries!$B$5:$B$434,"Direct",Countries!$D$5:$D$434,$A69,Countries!$E$5:$E$434,">0")/SUMIFS(Countries!$E$5:$E$434,Countries!$A$5:$A$434,"All landing pages",Countries!$B$5:$B$434,"Direct",Countries!$D$5:$D$434,$A69,Countries!$P$5:$P$434,">0")) | M69: =IF(SUMIFS(Countries!$F$5:$F$434,Countries!$A$5:$A$434,"All landing pages",Countries!$B$5:$B$434,"Direct",Countries!$D$5:$D$434,$A69,Countries!$Q$5:$Q$434,">0")=0,"",SUMIFS(Countries!$Q$5:$Q$434,Countries!$A$5:$A$434,"All landing pages",Countries!$B$5:$B$434,"Direct",Countries!$D$5:$D$434,$A69,Countries!$F$5:$F$434,">0")/SUMIFS(Countries!$F$5:$F$434,Countries!$A$5:$A$434,"All landing pages",Countries!$B$5:$B$434,"Direct",Countries!$D$5:$D$434,$A69,Countries!$Q$5:$Q$434,">0")) | N69: =IF(OR(L69="",M69=""),"",(M69-L69)*100) | O69: =IF(SUMIFS(Countries!$P$5:$P$434,Countries!$A$5:$A$434,"All landing pages",Countries!$B$5:$B$434,"Direct",Countries!$D$5:$D$434,$A69,Countries!$AR$5:$AR$434,">0")=0,"",SUMIFS(Countries!$AR$5:$AR$434,Countries!$A$5:$A$434,"All landing pages",Countries!$B$5:$B$434,"Direct",Countries!$D$5:$D$434,$A69,Countries!$P$5:$P$434,">0")/SUMIFS(Countries!$P$5:$P$434,Countries!$A$5:$A$434,"All landing pages",Countries!$B$5:$B$434,"Direct",Countries!$D$5:$D$434,$A69,Countries!$AR$5:$AR$434,">0")) | P69: =IF(SUMIFS(Countries!$Q$5:$Q$434,Countries!$A$5:$A$434,"All landing pages",Countries!$B$5:$B$434,"Direct",Countries!$D$5:$D$434,$A69,Countries!$AS$5:$AS$434,">0")=0,"",SUMIFS(Countries!$AS$5:$AS$434,Countries!$A$5:$A$434,"All landing pages",Countries!$B$5:$B$434,"Direct",Countries!$D$5:$D$434,$A69,Countries!$Q$5:$Q$434,">0")/SUMIFS(Countries!$Q$5:$Q$434,Countries!$A$5:$A$434,"All landing pages",Countries!$B$5:$B$434,"Direct",Countries!$D$5:$D$434,$A69,Countries!$AS$5:$AS$434,">0")) | Q69: =IF(OR(O69="",P69=""),"",(P69-O69)*100) | R69: =IF(SUMIFS(Countries!$E$5:$E$434,Countries!$A$5:$A$434,"All landing pages",Countries!$B$5:$B$434,"Direct",Countries!$D$5:$D$434,$A69,Countries!$AR$5:$AR$434,">0")=0,"",SUMIFS(Countries!$AR$5:$AR$434,Countries!$A$5:$A$434,"All landing pages",Countries!$B$5:$B$434,"Direct",Countries!$D$5:$D$434,$A69,Countries!$E$5:$E$434,">0")/SUMIFS(Countries!$E$5:$E$434,Countries!$A$5:$A$434,"All landing pages",Countries!$B$5:$B$434,"Direct",Countries!$D$5:$D$434,$A69,Countries!$AR$5:$AR$434,">0")) | S69: =IF(SUMIFS(Countries!$F$5:$F$434,Countries!$A$5:$A$434,"All landing pages",Countries!$B$5:$B$434,"Direct",Countries!$D$5:$D$434,$A69,Countries!$AS$5:$AS$434,">0")=0,"",SUMIFS(Countries!$AS$5:$AS$434,Countries!$A$5:$A$434,"All landing pages",Countries!$B$5:$B$434,"Direct",Countries!$D$5:$D$434,$A69,Countries!$F$5:$F$434,">0")/SUMIFS(Countries!$F$5:$F$434,Countries!$A$5:$A$434,"All landing pages",Countries!$B$5:$B$434,"Direct",Countries!$D$5:$D$434,$A69,Countries!$AS$5:$AS$434,">0")) | T69: =IF(OR(R69="",S69=""),"",(S69-R69)*100)
A70: Netherlands | B70: Direct | C70: =IF(SUMIFS(Countries!$E$5:$E$434,Countries!$A$5:$A$434,"All landing pages",Countries!$B$5:$B$434,"Direct",Countries!$D$5:$D$434,$A70)=0,"",SUMIFS(Countries!$E$5:$E$434,Countries!$A$5:$A$434,"All landing pages",Countries!$B$5:$B$434,"Direct",Countries!$D$5:$D$434,$A70)) | D70: =IF(SUMIFS(Countries!$F$5:$F$434,Countries!$A$5:$A$434,"All landing pages",Countries!$B$5:$B$434,"Direct",Countries!$D$5:$D$434,$A70)=0,"",SUMIFS(Countries!$F$5:$F$434,Countries!$A$5:$A$434,"All landing pages",Countries!$B$5:$B$434,"Direct",Countries!$D$5:$D$434,$A70)) | E70: =IF(OR(C70="",D70="",D70=0,C70=0),"",D70/C70-1) | F70: =IF(SUMIFS(Countries!$P$5:$P$434,Countries!$A$5:$A$434,"All landing pages",Countries!$B$5:$B$434,"Direct",Countries!$D$5:$D$434,$A70)=0,"",SUMIFS(Countries!$P$5:$P$434,Countries!$A$5:$A$434,"All landing pages",Countries!$B$5:$B$434,"Direct",Countries!$D$5:$D$434,$A70)) | G70: =IF(SUMIFS(Countries!$Q$5:$Q$434,Countries!$A$5:$A$434,"All landing pages",Countries!$B$5:$B$434,"Direct",Countries!$D$5:$D$434,$A70)=0,"",SUMIFS(Countries!$Q$5:$Q$434,Countries!$A$5:$A$434,"All landing pages",Countries!$B$5:$B$434,"Direct",Countries!$D$5:$D$434,$A70)) | H70: =IF(OR(F70="",G70="",G70=0,F70=0),"",G70/F70-1) | I70: =IF(SUMIFS(Countries!$AR$5:$AR$434,Countries!$A$5:$A$434,"All landing pages",Countries!$B$5:$B$434,"Direct",Countries!$D$5:$D$434,$A70)=0,"",SUMIFS(Countries!$AR$5:$AR$434,Countries!$A$5:$A$434,"All landing pages",Countries!$B$5:$B$434,"Direct",Countries!$D$5:$D$434,$A70)) | J70: =IF(SUMIFS(Countries!$AS$5:$AS$434,Countries!$A$5:$A$434,"All landing pages",Countries!$B$5:$B$434,"Direct",Countries!$D$5:$D$434,$A70)=0,"",SUMIFS(Countries!$AS$5:$AS$434,Countries!$A$5:$A$434,"All landing pages",Countries!$B$5:$B$434,"Direct",Countries!$D$5:$D$434,$A70)) | K70: =IF(OR(I70="",J70="",J70=0,I70=0),"",J70/I70-1) | L70: =IF(SUMIFS(Countries!$E$5:$E$434,Countries!$A$5:$A$434,"All landing pages",Countries!$B$5:$B$434,"Direct",Countries!$D$5:$D$434,$A70,Countries!$P$5:$P$434,">0")=0,"",SUMIFS(Countries!$P$5:$P$434,Countries!$A$5:$A$434,"All landing pages",Countries!$B$5:$B$434,"Direct",Countries!$D$5:$D$434,$A70,Countries!$E$5:$E$434,">0")/SUMIFS(Countries!$E$5:$E$434,Countries!$A$5:$A$434,"All landing pages",Countries!$B$5:$B$434,"Direct",Countries!$D$5:$D$434,$A70,Countries!$P$5:$P$434,">0")) | M70: =IF(SUMIFS(Countries!$F$5:$F$434,Countries!$A$5:$A$434,"All landing pages",Countries!$B$5:$B$434,"Direct",Countries!$D$5:$D$434,$A70,Countries!$Q$5:$Q$434,">0")=0,"",SUMIFS(Countries!$Q$5:$Q$434,Countries!$A$5:$A$434,"All landing pages",Countries!$B$5:$B$434,"Direct",Countries!$D$5:$D$434,$A70,Countries!$F$5:$F$434,">0")/SUMIFS(Countries!$F$5:$F$434,Countries!$A$5:$A$434,"All landing pages",Countries!$B$5:$B$434,"Direct",Countries!$D$5:$D$434,$A70,Countries!$Q$5:$Q$434,">0")) | N70: =IF(OR(L70="",M70=""),"",(M70-L70)*100) | O70: =IF(SUMIFS(Countries!$P$5:$P$434,Countries!$A$5:$A$434,"All landing pages",Countries!$B$5:$B$434,"Direct",Countries!$D$5:$D$434,$A70,Countries!$AR$5:$AR$434,">0")=0,"",SUMIFS(Countries!$AR$5:$AR$434,Countries!$A$5:$A$434,"All landing pages",Countries!$B$5:$B$434,"Direct",Countries!$D$5:$D$434,$A70,Countries!$P$5:$P$434,">0")/SUMIFS(Countries!$P$5:$P$434,Countries!$A$5:$A$434,"All landing pages",Countries!$B$5:$B$434,"Direct",Countries!$D$5:$D$434,$A70,Countries!$AR$5:$AR$434,">0")) | P70: =IF(SUMIFS(Countries!$Q$5:$Q$434,Countries!$A$5:$A$434,"All landing pages",Countries!$B$5:$B$434,"Direct",Countries!$D$5:$D$434,$A70,Countries!$AS$5:$AS$434,">0")=0,"",SUMIFS(Countries!$AS$5:$AS$434,Countries!$A$5:$A$434,"All landing pages",Countries!$B$5:$B$434,"Direct",Countries!$D$5:$D$434,$A70,Countries!$Q$5:$Q$434,">0")/SUMIFS(Countries!$Q$5:$Q$434,Countries!$A$5:$A$434,"All landing pages",Countries!$B$5:$B$434,"Direct",Countries!$D$5:$D$434,$A70,Countries!$AS$5:$AS$434,">0")) | Q70: =IF(OR(O70="",P70=""),"",(P70-O70)*100) | R70: =IF(SUMIFS(Countries!$E$5:$E$434,Countries!$A$5:$A$434,"All landing pages",Countries!$B$5:$B$434,"Direct",Countries!$D$5:$D$434,$A70,Countries!$AR$5:$AR$434,">0")=0,"",SUMIFS(Countries!$AR$5:$AR$434,Countries!$A$5:$A$434,"All landing pages",Countries!$B$5:$B$434,"Direct",Countries!$D$5:$D$434,$A70,Countries!$E$5:$E$434,">0")/SUMIFS(Countries!$E$5:$E$434,Countries!$A$5:$A$434,"All landing pages",Countries!$B$5:$B$434,"Direct",Countries!$D$5:$D$434,$A70,Countries!$AR$5:$AR$434,">0")) | S70: =IF(SUMIFS(Countries!$F$5:$F$434,Countries!$A$5:$A$434,"All landing pages",Countries!$B$5:$B$434,"Direct",Countries!$D$5:$D$434,$A70,Countries!$AS$5:$AS$434,">0")=0,"",SUMIFS(Countries!$AS$5:$AS$434,Countries!$A$5:$A$434,"All landing pages",Countries!$B$5:$B$434,"Direct",Countries!$D$5:$D$434,$A70,Countries!$F$5:$F$434,">0")/SUMIFS(Countries!$F$5:$F$434,Countries!$A$5:$A$434,"All landing pages",Countries!$B$5:$B$434,"Direct",Countries!$D$5:$D$434,$A70,Countries!$AS$5:$AS$434,">0")) | T70: =IF(OR(R70="",S70=""),"",(S70-R70)*100)
A71: France | B71: Direct | C71: =IF(SUMIFS(Countries!$E$5:$E$434,Countries!$A$5:$A$434,"All landing pages",Countries!$B$5:$B$434,"Direct",Countries!$D$5:$D$434,$A71)=0,"",SUMIFS(Countries!$E$5:$E$434,Countries!$A$5:$A$434,"All landing pages",Countries!$B$5:$B$434,"Direct",Countries!$D$5:$D$434,$A71)) | D71: =IF(SUMIFS(Countries!$F$5:$F$434,Countries!$A$5:$A$434,"All landing pages",Countries!$B$5:$B$434,"Direct",Countries!$D$5:$D$434,$A71)=0,"",SUMIFS(Countries!$F$5:$F$434,Countries!$A$5:$A$434,"All landing pages",Countries!$B$5:$B$434,"Direct",Countries!$D$5:$D$434,$A71)) | E71: =IF(OR(C71="",D71="",D71=0,C71=0),"",D71/C71-1) | F71: =IF(SUMIFS(Countries!$P$5:$P$434,Countries!$A$5:$A$434,"All landing pages",Countries!$B$5:$B$434,"Direct",Countries!$D$5:$D$434,$A71)=0,"",SUMIFS(Countries!$P$5:$P$434,Countries!$A$5:$A$434,"All landing pages",Countries!$B$5:$B$434,"Direct",Countries!$D$5:$D$434,$A71)) | G71: =IF(SUMIFS(Countries!$Q$5:$Q$434,Countries!$A$5:$A$434,"All landing pages",Countries!$B$5:$B$434,"Direct",Countries!$D$5:$D$434,$A71)=0,"",SUMIFS(Countries!$Q$5:$Q$434,Countries!$A$5:$A$434,"All landing pages",Countries!$B$5:$B$434,"Direct",Countries!$D$5:$D$434,$A71)) | H71: =IF(OR(F71="",G71="",G71=0,F71=0),"",G71/F71-1) | I71: =IF(SUMIFS(Countries!$AR$5:$AR$434,Countries!$A$5:$A$434,"All landing pages",Countries!$B$5:$B$434,"Direct",Countries!$D$5:$D$434,$A71)=0,"",SUMIFS(Countries!$AR$5:$AR$434,Countries!$A$5:$A$434,"All landing pages",Countries!$B$5:$B$434,"Direct",Countries!$D$5:$D$434,$A71)) | J71: =IF(SUMIFS(Countries!$AS$5:$AS$434,Countries!$A$5:$A$434,"All landing pages",Countries!$B$5:$B$434,"Direct",Countries!$D$5:$D$434,$A71)=0,"",SUMIFS(Countries!$AS$5:$AS$434,Countries!$A$5:$A$434,"All landing pages",Countries!$B$5:$B$434,"Direct",Countries!$D$5:$D$434,$A71)) | K71: =IF(OR(I71="",J71="",J71=0,I71=0),"",J71/I71-1) | L71: =IF(SUMIFS(Countries!$E$5:$E$434,Countries!$A$5:$A$434,"All landing pages",Countries!$B$5:$B$434,"Direct",Countries!$D$5:$D$434,$A71,Countries!$P$5:$P$434,">0")=0,"",SUMIFS(Countries!$P$5:$P$434,Countries!$A$5:$A$434,"All landing pages",Countries!$B$5:$B$434,"Direct",Countries!$D$5:$D$434,$A71,Countries!$E$5:$E$434,">0")/SUMIFS(Countries!$E$5:$E$434,Countries!$A$5:$A$434,"All landing pages",Countries!$B$5:$B$434,"Direct",Countries!$D$5:$D$434,$A71,Countries!$P$5:$P$434,">0")) | M71: =IF(SUMIFS(Countries!$F$5:$F$434,Countries!$A$5:$A$434,"All landing pages",Countries!$B$5:$B$434,"Direct",Countries!$D$5:$D$434,$A71,Countries!$Q$5:$Q$434,">0")=0,"",SUMIFS(Countries!$Q$5:$Q$434,Countries!$A$5:$A$434,"All landing pages",Countries!$B$5:$B$434,"Direct",Countries!$D$5:$D$434,$A71,Countries!$F$5:$F$434,">0")/SUMIFS(Countries!$F$5:$F$434,Countries!$A$5:$A$434,"All landing pages",Countries!$B$5:$B$434,"Direct",Countries!$D$5:$D$434,$A71,Countries!$Q$5:$Q$434,">0")) | N71: =IF(OR(L71="",M71=""),"",(M71-L71)*100) | O71: =IF(SUMIFS(Countries!$P$5:$P$434,Countries!$A$5:$A$434,"All landing pages",Countries!$B$5:$B$434,"Direct",Countries!$D$5:$D$434,$A71,Countries!$AR$5:$AR$434,">0")=0,"",SUMIFS(Countries!$AR$5:$AR$434,Countries!$A$5:$A$434,"All landing pages",Countries!$B$5:$B$434,"Direct",Countries!$D$5:$D$434,$A71,Countries!$P$5:$P$434,">0")/SUMIFS(Countries!$P$5:$P$434,Countries!$A$5:$A$434,"All landing pages",Countries!$B$5:$B$434,"Direct",Countries!$D$5:$D$434,$A71,Countries!$AR$5:$AR$434,">0")) | P71: =IF(SUMIFS(Countries!$Q$5:$Q$434,Countries!$A$5:$A$434,"All landing pages",Countries!$B$5:$B$434,"Direct",Countries!$D$5:$D$434,$A71,Countries!$AS$5:$AS$434,">0")=0,"",SUMIFS(Countries!$AS$5:$AS$434,Countries!$A$5:$A$434,"All landing pages",Countries!$B$5:$B$434,"Direct",Countries!$D$5:$D$434,$A71,Countries!$Q$5:$Q$434,">0")/SUMIFS(Countries!$Q$5:$Q$434,Countries!$A$5:$A$434,"All landing pages",Countries!$B$5:$B$434,"Direct",Countries!$D$5:$D$434,$A71,Countries!$AS$5:$AS$434,">0")) | Q71: =IF(OR(O71="",P71=""),"",(P71-O71)*100) | R71: =IF(SUMIFS(Countries!$E$5:$E$434,Countries!$A$5:$A$434,"All landing pages",Countries!$B$5:$B$434,"Direct",Countries!$D$5:$D$434,$A71,Countries!$AR$5:$AR$434,">0")=0,"",SUMIFS(Countries!$AR$5:$AR$434,Countries!$A$5:$A$434,"All landing pages",Countries!$B$5:$B$434,"Direct",Countries!$D$5:$D$434,$A71,Countries!$E$5:$E$434,">0")/SUMIFS(Countries!$E$5:$E$434,Countries!$A$5:$A$434,"All landing pages",Countries!$B$5:$B$434,"Direct",Countries!$D$5:$D$434,$A71,Countries!$AR$5:$AR$434,">0")) | S71: =IF(SUMIFS(Countries!$F$5:$F$434,Countries!$A$5:$A$434,"All landing pages",Countries!$B$5:$B$434,"Direct",Countries!$D$5:$D$434,$A71,Countries!$AS$5:$AS$434,">0")=0,"",SUMIFS(Countries!$AS$5:$AS$434,Countries!$A$5:$A$434,"All landing pages",Countries!$B$5:$B$434,"Direct",Countries!$D$5:$D$434,$A71,Countries!$F$5:$F$434,">0")/SUMIFS(Countries!$F$5:$F$434,Countries!$A$5:$A$434,"All landing pages",Countries!$B$5:$B$434,"Direct",Countries!$D$5:$D$434,$A71,Countries!$AS$5:$AS$434,">0")) | T71: =IF(OR(R71="",S71=""),"",(S71-R71)*100)
A72: Poland | B72: Direct | C72: =IF(SUMIFS(Countries!$E$5:$E$434,Countries!$A$5:$A$434,"All landing pages",Countries!$B$5:$B$434,"Direct",Countries!$D$5:$D$434,$A72)=0,"",SUMIFS(Countries!$E$5:$E$434,Countries!$A$5:$A$434,"All landing pages",Countries!$B$5:$B$434,"Direct",Countries!$D$5:$D$434,$A72)) | D72: =IF(SUMIFS(Countries!$F$5:$F$434,Countries!$A$5:$A$434,"All landing pages",Countries!$B$5:$B$434,"Direct",Countries!$D$5:$D$434,$A72)=0,"",SUMIFS(Countries!$F$5:$F$434,Countries!$A$5:$A$434,"All landing pages",Countries!$B$5:$B$434,"Direct",Countries!$D$5:$D$434,$A72)) | E72: =IF(OR(C72="",D72="",D72=0,C72=0),"",D72/C72-1) | F72: =IF(SUMIFS(Countries!$P$5:$P$434,Countries!$A$5:$A$434,"All landing pages",Countries!$B$5:$B$434,"Direct",Countries!$D$5:$D$434,$A72)=0,"",SUMIFS(Countries!$P$5:$P$434,Countries!$A$5:$A$434,"All landing pages",Countries!$B$5:$B$434,"Direct",Countries!$D$5:$D$434,$A72)) | G72: =IF(SUMIFS(Countries!$Q$5:$Q$434,Countries!$A$5:$A$434,"All landing pages",Countries!$B$5:$B$434,"Direct",Countries!$D$5:$D$434,$A72)=0,"",SUMIFS(Countries!$Q$5:$Q$434,Countries!$A$5:$A$434,"All landing pages",Countries!$B$5:$B$434,"Direct",Countries!$D$5:$D$434,$A72)) | H72: =IF(OR(F72="",G72="",G72=0,F72=0),"",G72/F72-1) | I72: =IF(SUMIFS(Countries!$AR$5:$AR$434,Countries!$A$5:$A$434,"All landing pages",Countries!$B$5:$B$434,"Direct",Countries!$D$5:$D$434,$A72)=0,"",SUMIFS(Countries!$AR$5:$AR$434,Countries!$A$5:$A$434,"All landing pages",Countries!$B$5:$B$434,"Direct",Countries!$D$5:$D$434,$A72)) | J72: =IF(SUMIFS(Countries!$AS$5:$AS$434,Countries!$A$5:$A$434,"All landing pages",Countries!$B$5:$B$434,"Direct",Countries!$D$5:$D$434,$A72)=0,"",SUMIFS(Countries!$AS$5:$AS$434,Countries!$A$5:$A$434,"All landing pages",Countries!$B$5:$B$434,"Direct",Countries!$D$5:$D$434,$A72)) | K72: =IF(OR(I72="",J72="",J72=0,I72=0),"",J72/I72-1) | L72: =IF(SUMIFS(Countries!$E$5:$E$434,Countries!$A$5:$A$434,"All landing pages",Countries!$B$5:$B$434,"Direct",Countries!$D$5:$D$434,$A72,Countries!$P$5:$P$434,">0")=0,"",SUMIFS(Countries!$P$5:$P$434,Countries!$A$5:$A$434,"All landing pages",Countries!$B$5:$B$434,"Direct",Countries!$D$5:$D$434,$A72,Countries!$E$5:$E$434,">0")/SUMIFS(Countries!$E$5:$E$434,Countries!$A$5:$A$434,"All landing pages",Countries!$B$5:$B$434,"Direct",Countries!$D$5:$D$434,$A72,Countries!$P$5:$P$434,">0")) | M72: =IF(SUMIFS(Countries!$F$5:$F$434,Countries!$A$5:$A$434,"All landing pages",Countries!$B$5:$B$434,"Direct",Countries!$D$5:$D$434,$A72,Countries!$Q$5:$Q$434,">0")=0,"",SUMIFS(Countries!$Q$5:$Q$434,Countries!$A$5:$A$434,"All landing pages",Countries!$B$5:$B$434,"Direct",Countries!$D$5:$D$434,$A72,Countries!$F$5:$F$434,">0")/SUMIFS(Countries!$F$5:$F$434,Countries!$A$5:$A$434,"All landing pages",Countries!$B$5:$B$434,"Direct",Countries!$D$5:$D$434,$A72,Countries!$Q$5:$Q$434,">0")) | N72: =IF(OR(L72="",M72=""),"",(M72-L72)*100) | O72: =IF(SUMIFS(Countries!$P$5:$P$434,Countries!$A$5:$A$434,"All landing pages",Countries!$B$5:$B$434,"Direct",Countries!$D$5:$D$434,$A72,Countries!$AR$5:$AR$434,">0")=0,"",SUMIFS(Countries!$AR$5:$AR$434,Countries!$A$5:$A$434,"All landing pages",Countries!$B$5:$B$434,"Direct",Countries!$D$5:$D$434,$A72,Countries!$P$5:$P$434,">0")/SUMIFS(Countries!$P$5:$P$434,Countries!$A$5:$A$434,"All landing pages",Countries!$B$5:$B$434,"Direct",Countries!$D$5:$D$434,$A72,Countries!$AR$5:$AR$434,">0")) | P72: =IF(SUMIFS(Countries!$Q$5:$Q$434,Countries!$A$5:$A$434,"All landing pages",Countries!$B$5:$B$434,"Direct",Countries!$D$5:$D$434,$A72,Countries!$AS$5:$AS$434,">0")=0,"",SUMIFS(Countries!$AS$5:$AS$434,Countries!$A$5:$A$434,"All landing pages",Countries!$B$5:$B$434,"Direct",Countries!$D$5:$D$434,$A72,Countries!$Q$5:$Q$434,">0")/SUMIFS(Countries!$Q$5:$Q$434,Countries!$A$5:$A$434,"All landing pages",Countries!$B$5:$B$434,"Direct",Countries!$D$5:$D$434,$A72,Countries!$AS$5:$AS$434,">0")) | Q72: =IF(OR(O72="",P72=""),"",(P72-O72)*100) | R72: =IF(SUMIFS(Countries!$E$5:$E$434,Countries!$A$5:$A$434,"All landing pages",Countries!$B$5:$B$434,"Direct",Countries!$D$5:$D$434,$A72,Countries!$AR$5:$AR$434,">0")=0,"",SUMIFS(Countries!$AR$5:$AR$434,Countries!$A$5:$A$434,"All landing pages",Countries!$B$5:$B$434,"Direct",Countries!$D$5:$D$434,$A72,Countries!$E$5:$E$434,">0")/SUMIFS(Countries!$E$5:$E$434,Countries!$A$5:$A$434,"All landing pages",Countries!$B$5:$B$434,"Direct",Countries!$D$5:$D$434,$A72,Countries!$AR$5:$AR$434,">0")) | S72: =IF(SUMIFS(Countries!$F$5:$F$434,Countries!$A$5:$A$434,"All landing pages",Countries!$B$5:$B$434,"Direct",Countries!$D$5:$D$434,$A72,Countries!$AS$5:$AS$434,">0")=0,"",SUMIFS(Countries!$AS$5:$AS$434,Countries!$A$5:$A$434,"All landing pages",Countries!$B$5:$B$434,"Direct",Countries!$D$5:$D$434,$A72,Countries!$F$5:$F$434,">0")/SUMIFS(Countries!$F$5:$F$434,Countries!$A$5:$A$434,"All landing pages",Countries!$B$5:$B$434,"Direct",Countries!$D$5:$D$434,$A72,Countries!$AS$5:$AS$434,">0")) | T72: =IF(OR(R72="",S72=""),"",(S72-R72)*100)
A73: United States | B73: Direct | C73: =IF(SUMIFS(Countries!$E$5:$E$434,Countries!$A$5:$A$434,"All landing pages",Countries!$B$5:$B$434,"Direct",Countries!$D$5:$D$434,$A73)=0,"",SUMIFS(Countries!$E$5:$E$434,Countries!$A$5:$A$434,"All landing pages",Countries!$B$5:$B$434,"Direct",Countries!$D$5:$D$434,$A73)) | D73: =IF(SUMIFS(Countries!$F$5:$F$434,Countries!$A$5:$A$434,"All landing pages",Countries!$B$5:$B$434,"Direct",Countries!$D$5:$D$434,$A73)=0,"",SUMIFS(Countries!$F$5:$F$434,Countries!$A$5:$A$434,"All landing pages",Countries!$B$5:$B$434,"Direct",Countries!$D$5:$D$434,$A73)) | E73: =IF(OR(C73="",D73="",D73=0,C73=0),"",D73/C73-1) | F73: =IF(SUMIFS(Countries!$P$5:$P$434,Countries!$A$5:$A$434,"All landing pages",Countries!$B$5:$B$434,"Direct",Countries!$D$5:$D$434,$A73)=0,"",SUMIFS(Countries!$P$5:$P$434,Countries!$A$5:$A$434,"All landing pages",Countries!$B$5:$B$434,"Direct",Countries!$D$5:$D$434,$A73)) | G73: =IF(SUMIFS(Countries!$Q$5:$Q$434,Countries!$A$5:$A$434,"All landing pages",Countries!$B$5:$B$434,"Direct",Countries!$D$5:$D$434,$A73)=0,"",SUMIFS(Countries!$Q$5:$Q$434,Countries!$A$5:$A$434,"All landing pages",Countries!$B$5:$B$434,"Direct",Countries!$D$5:$D$434,$A73)) | H73: =IF(OR(F73="",G73="",G73=0,F73=0),"",G73/F73-1) | I73: =IF(SUMIFS(Countries!$AR$5:$AR$434,Countries!$A$5:$A$434,"All landing pages",Countries!$B$5:$B$434,"Direct",Countries!$D$5:$D$434,$A73)=0,"",SUMIFS(Countries!$AR$5:$AR$434,Countries!$A$5:$A$434,"All landing pages",Countries!$B$5:$B$434,"Direct",Countries!$D$5:$D$434,$A73)) | J73: =IF(SUMIFS(Countries!$AS$5:$AS$434,Countries!$A$5:$A$434,"All landing pages",Countries!$B$5:$B$434,"Direct",Countries!$D$5:$D$434,$A73)=0,"",SUMIFS(Countries!$AS$5:$AS$434,Countries!$A$5:$A$434,"All landing pages",Countries!$B$5:$B$434,"Direct",Countries!$D$5:$D$434,$A73)) | K73: =IF(OR(I73="",J73="",J73=0,I73=0),"",J73/I73-1) | L73: =IF(SUMIFS(Countries!$E$5:$E$434,Countries!$A$5:$A$434,"All landing pages",Countries!$B$5:$B$434,"Direct",Countries!$D$5:$D$434,$A73,Countries!$P$5:$P$434,">0")=0,"",SUMIFS(Countries!$P$5:$P$434,Countries!$A$5:$A$434,"All landing pages",Countries!$B$5:$B$434,"Direct",Countries!$D$5:$D$434,$A73,Countries!$E$5:$E$434,">0")/SUMIFS(Countries!$E$5:$E$434,Countries!$A$5:$A$434,"All landing pages",Countries!$B$5:$B$434,"Direct",Countries!$D$5:$D$434,$A73,Countries!$P$5:$P$434,">0")) | M73: =IF(SUMIFS(Countries!$F$5:$F$434,Countries!$A$5:$A$434,"All landing pages",Countries!$B$5:$B$434,"Direct",Countries!$D$5:$D$434,$A73,Countries!$Q$5:$Q$434,">0")=0,"",SUMIFS(Countries!$Q$5:$Q$434,Countries!$A$5:$A$434,"All landing pages",Countries!$B$5:$B$434,"Direct",Countries!$D$5:$D$434,$A73,Countries!$F$5:$F$434,">0")/SUMIFS(Countries!$F$5:$F$434,Countries!$A$5:$A$434,"All landing pages",Countries!$B$5:$B$434,"Direct",Countries!$D$5:$D$434,$A73,Countries!$Q$5:$Q$434,">0")) | N73: =IF(OR(L73="",M73=""),"",(M73-L73)*100) | O73: =IF(SUMIFS(Countries!$P$5:$P$434,Countries!$A$5:$A$434,"All landing pages",Countries!$B$5:$B$434,"Direct",Countries!$D$5:$D$434,$A73,Countries!$AR$5:$AR$434,">0")=0,"",SUMIFS(Countries!$AR$5:$AR$434,Countries!$A$5:$A$434,"All landing pages",Countries!$B$5:$B$434,"Direct",Countries!$D$5:$D$434,$A73,Countries!$P$5:$P$434,">0")/SUMIFS(Countries!$P$5:$P$434,Countries!$A$5:$A$434,"All landing pages",Countries!$B$5:$B$434,"Direct",Countries!$D$5:$D$434,$A73,Countries!$AR$5:$AR$434,">0")) | P73: =IF(SUMIFS(Countries!$Q$5:$Q$434,Countries!$A$5:$A$434,"All landing pages",Countries!$B$5:$B$434,"Direct",Countries!$D$5:$D$434,$A73,Countries!$AS$5:$AS$434,">0")=0,"",SUMIFS(Countries!$AS$5:$AS$434,Countries!$A$5:$A$434,"All landing pages",Countries!$B$5:$B$434,"Direct",Countries!$D$5:$D$434,$A73,Countries!$Q$5:$Q$434,">0")/SUMIFS(Countries!$Q$5:$Q$434,Countries!$A$5:$A$434,"All landing pages",Countries!$B$5:$B$434,"Direct",Countries!$D$5:$D$434,$A73,Countries!$AS$5:$AS$434,">0")) | Q73: =IF(OR(O73="",P73=""),"",(P73-O73)*100) | R73: =IF(SUMIFS(Countries!$E$5:$E$434,Countries!$A$5:$A$434,"All landing pages",Countries!$B$5:$B$434,"Direct",Countries!$D$5:$D$434,$A73,Countries!$AR$5:$AR$434,">0")=0,"",SUMIFS(Countries!$AR$5:$AR$434,Countries!$A$5:$A$434,"All landing pages",Countries!$B$5:$B$434,"Direct",Countries!$D$5:$D$434,$A73,Countries!$E$5:$E$434,">0")/SUMIFS(Countries!$E$5:$E$434,Countries!$A$5:$A$434,"All landing pages",Countries!$B$5:$B$434,"Direct",Countries!$D$5:$D$434,$A73,Countries!$AR$5:$AR$434,">0")) | S73: =IF(SUMIFS(Countries!$F$5:$F$434,Countries!$A$5:$A$434,"All landing pages",Countries!$B$5:$B$434,"Direct",Countries!$D$5:$D$434,$A73,Countries!$AS$5:$AS$434,">0")=0,"",SUMIFS(Countries!$AS$5:$AS$434,Countries!$A$5:$A$434,"All landing pages",Countries!$B$5:$B$434,"Direct",Countries!$D$5:$D$434,$A73,Countries!$F$5:$F$434,">0")/SUMIFS(Countries!$F$5:$F$434,Countries!$A$5:$A$434,"All landing pages",Countries!$B$5:$B$434,"Direct",Countries!$D$5:$D$434,$A73,Countries!$AS$5:$AS$434,">0")) | T73: =IF(OR(R73="",S73=""),"",(S73-R73)*100)
A74: Sweden | B74: Direct | C74: =IF(SUMIFS(Countries!$E$5:$E$434,Countries!$A$5:$A$434,"All landing pages",Countries!$B$5:$B$434,"Direct",Countries!$D$5:$D$434,$A74)=0,"",SUMIFS(Countries!$E$5:$E$434,Countries!$A$5:$A$434,"All landing pages",Countries!$B$5:$B$434,"Direct",Countries!$D$5:$D$434,$A74)) | D74: =IF(SUMIFS(Countries!$F$5:$F$434,Countries!$A$5:$A$434,"All landing pages",Countries!$B$5:$B$434,"Direct",Countries!$D$5:$D$434,$A74)=0,"",SUMIFS(Countries!$F$5:$F$434,Countries!$A$5:$A$434,"All landing pages",Countries!$B$5:$B$434,"Direct",Countries!$D$5:$D$434,$A74)) | E74: =IF(OR(C74="",D74="",D74=0,C74=0),"",D74/C74-1) | F74: =IF(SUMIFS(Countries!$P$5:$P$434,Countries!$A$5:$A$434,"All landing pages",Countries!$B$5:$B$434,"Direct",Countries!$D$5:$D$434,$A74)=0,"",SUMIFS(Countries!$P$5:$P$434,Countries!$A$5:$A$434,"All landing pages",Countries!$B$5:$B$434,"Direct",Countries!$D$5:$D$434,$A74)) | G74: =IF(SUMIFS(Countries!$Q$5:$Q$434,Countries!$A$5:$A$434,"All landing pages",Countries!$B$5:$B$434,"Direct",Countries!$D$5:$D$434,$A74)=0,"",SUMIFS(Countries!$Q$5:$Q$434,Countries!$A$5:$A$434,"All landing pages",Countries!$B$5:$B$434,"Direct",Countries!$D$5:$D$434,$A74)) | H74: =IF(OR(F74="",G74="",G74=0,F74=0),"",G74/F74-1) | I74: =IF(SUMIFS(Countries!$AR$5:$AR$434,Countries!$A$5:$A$434,"All landing pages",Countries!$B$5:$B$434,"Direct",Countries!$D$5:$D$434,$A74)=0,"",SUMIFS(Countries!$AR$5:$AR$434,Countries!$A$5:$A$434,"All landing pages",Countries!$B$5:$B$434,"Direct",Countries!$D$5:$D$434,$A74)) | J74: =IF(SUMIFS(Countries!$AS$5:$AS$434,Countries!$A$5:$A$434,"All landing pages",Countries!$B$5:$B$434,"Direct",Countries!$D$5:$D$434,$A74)=0,"",SUMIFS(Countries!$AS$5:$AS$434,Countries!$A$5:$A$434,"All landing pages",Countries!$B$5:$B$434,"Direct",Countries!$D$5:$D$434,$A74)) | K74: =IF(OR(I74="",J74="",J74=0,I74=0),"",J74/I74-1) | L74: =IF(SUMIFS(Countries!$E$5:$E$434,Countries!$A$5:$A$434,"All landing pages",Countries!$B$5:$B$434,"Direct",Countries!$D$5:$D$434,$A74,Countries!$P$5:$P$434,">0")=0,"",SUMIFS(Countries!$P$5:$P$434,Countries!$A$5:$A$434,"All landing pages",Countries!$B$5:$B$434,"Direct",Countries!$D$5:$D$434,$A74,Countries!$E$5:$E$434,">0")/SUMIFS(Countries!$E$5:$E$434,Countries!$A$5:$A$434,"All landing pages",Countries!$B$5:$B$434,"Direct",Countries!$D$5:$D$434,$A74,Countries!$P$5:$P$434,">0")) | M74: =IF(SUMIFS(Countries!$F$5:$F$434,Countries!$A$5:$A$434,"All landing pages",Countries!$B$5:$B$434,"Direct",Countries!$D$5:$D$434,$A74,Countries!$Q$5:$Q$434,">0")=0,"",SUMIFS(Countries!$Q$5:$Q$434,Countries!$A$5:$A$434,"All landing pages",Countries!$B$5:$B$434,"Direct",Countries!$D$5:$D$434,$A74,Countries!$F$5:$F$434,">0")/SUMIFS(Countries!$F$5:$F$434,Countries!$A$5:$A$434,"All landing pages",Countries!$B$5:$B$434,"Direct",Countries!$D$5:$D$434,$A74,Countries!$Q$5:$Q$434,">0")) | N74: =IF(OR(L74="",M74=""),"",(M74-L74)*100) | O74: =IF(SUMIFS(Countries!$P$5:$P$434,Countries!$A$5:$A$434,"All landing pages",Countries!$B$5:$B$434,"Direct",Countries!$D$5:$D$434,$A74,Countries!$AR$5:$AR$434,">0")=0,"",SUMIFS(Countries!$AR$5:$AR$434,Countries!$A$5:$A$434,"All landing pages",Countries!$B$5:$B$434,"Direct",Countries!$D$5:$D$434,$A74,Countries!$P$5:$P$434,">0")/SUMIFS(Countries!$P$5:$P$434,Countries!$A$5:$A$434,"All landing pages",Countries!$B$5:$B$434,"Direct",Countries!$D$5:$D$434,$A74,Countries!$AR$5:$AR$434,">0")) | P74: =IF(SUMIFS(Countries!$Q$5:$Q$434,Countries!$A$5:$A$434,"All landing pages",Countries!$B$5:$B$434,"Direct",Countries!$D$5:$D$434,$A74,Countries!$AS$5:$AS$434,">0")=0,"",SUMIFS(Countries!$AS$5:$AS$434,Countries!$A$5:$A$434,"All landing pages",Countries!$B$5:$B$434,"Direct",Countries!$D$5:$D$434,$A74,Countries!$Q$5:$Q$434,">0")/SUMIFS(Countries!$Q$5:$Q$434,Countries!$A$5:$A$434,"All landing pages",Countries!$B$5:$B$434,"Direct",Countries!$D$5:$D$434,$A74,Countries!$AS$5:$AS$434,">0")) | Q74: =IF(OR(O74="",P74=""),"",(P74-O74)*100) | R74: =IF(SUMIFS(Countries!$E$5:$E$434,Countries!$A$5:$A$434,"All landing pages",Countries!$B$5:$B$434,"Direct",Countries!$D$5:$D$434,$A74,Countries!$AR$5:$AR$434,">0")=0,"",SUMIFS(Countries!$AR$5:$AR$434,Countries!$A$5:$A$434,"All landing pages",Countries!$B$5:$B$434,"Direct",Countries!$D$5:$D$434,$A74,Countries!$E$5:$E$434,">0")/SUMIFS(Countries!$E$5:$E$434,Countries!$A$5:$A$434,"All landing pages",Countries!$B$5:$B$434,"Direct",Countries!$D$5:$D$434,$A74,Countries!$AR$5:$AR$434,">0")) | S74: =IF(SUMIFS(Countries!$F$5:$F$434,Countries!$A$5:$A$434,"All landing pages",Countries!$B$5:$B$434,"Direct",Countries!$D$5:$D$434,$A74,Countries!$AS$5:$AS$434,">0")=0,"",SUMIFS(Countries!$AS$5:$AS$434,Countries!$A$5:$A$434,"All landing pages",Countries!$B$5:$B$434,"Direct",Countries!$D$5:$D$434,$A74,Countries!$F$5:$F$434,">0")/SUMIFS(Countries!$F$5:$F$434,Countries!$A$5:$A$434,"All landing pages",Countries!$B$5:$B$434,"Direct",Countries!$D$5:$D$434,$A74,Countries!$AS$5:$AS$434,">0")) | T74: =IF(OR(R74="",S74=""),"",(S74-R74)*100)
A75: Belgium | B75: Direct | C75: =IF(SUMIFS(Countries!$E$5:$E$434,Countries!$A$5:$A$434,"All landing pages",Countries!$B$5:$B$434,"Direct",Countries!$D$5:$D$434,$A75)=0,"",SUMIFS(Countries!$E$5:$E$434,Countries!$A$5:$A$434,"All landing pages",Countries!$B$5:$B$434,"Direct",Countries!$D$5:$D$434,$A75)) | D75: =IF(SUMIFS(Countries!$F$5:$F$434,Countries!$A$5:$A$434,"All landing pages",Countries!$B$5:$B$434,"Direct",Countries!$D$5:$D$434,$A75)=0,"",SUMIFS(Countries!$F$5:$F$434,Countries!$A$5:$A$434,"All landing pages",Countries!$B$5:$B$434,"Direct",Countries!$D$5:$D$434,$A75)) | E75: =IF(OR(C75="",D75="",D75=0,C75=0),"",D75/C75-1) | F75: =IF(SUMIFS(Countries!$P$5:$P$434,Countries!$A$5:$A$434,"All landing pages",Countries!$B$5:$B$434,"Direct",Countries!$D$5:$D$434,$A75)=0,"",SUMIFS(Countries!$P$5:$P$434,Countries!$A$5:$A$434,"All landing pages",Countries!$B$5:$B$434,"Direct",Countries!$D$5:$D$434,$A75)) | G75: =IF(SUMIFS(Countries!$Q$5:$Q$434,Countries!$A$5:$A$434,"All landing pages",Countries!$B$5:$B$434,"Direct",Countries!$D$5:$D$434,$A75)=0,"",SUMIFS(Countries!$Q$5:$Q$434,Countries!$A$5:$A$434,"All landing pages",Countries!$B$5:$B$434,"Direct",Countries!$D$5:$D$434,$A75)) | H75: =IF(OR(F75="",G75="",G75=0,F75=0),"",G75/F75-1) | I75: =IF(SUMIFS(Countries!$AR$5:$AR$434,Countries!$A$5:$A$434,"All landing pages",Countries!$B$5:$B$434,"Direct",Countries!$D$5:$D$434,$A75)=0,"",SUMIFS(Countries!$AR$5:$AR$434,Countries!$A$5:$A$434,"All landing pages",Countries!$B$5:$B$434,"Direct",Countries!$D$5:$D$434,$A75)) | J75: =IF(SUMIFS(Countries!$AS$5:$AS$434,Countries!$A$5:$A$434,"All landing pages",Countries!$B$5:$B$434,"Direct",Countries!$D$5:$D$434,$A75)=0,"",SUMIFS(Countries!$AS$5:$AS$434,Countries!$A$5:$A$434,"All landing pages",Countries!$B$5:$B$434,"Direct",Countries!$D$5:$D$434,$A75)) | K75: =IF(OR(I75="",J75="",J75=0,I75=0),"",J75/I75-1) | L75: =IF(SUMIFS(Countries!$E$5:$E$434,Countries!$A$5:$A$434,"All landing pages",Countries!$B$5:$B$434,"Direct",Countries!$D$5:$D$434,$A75,Countries!$P$5:$P$434,">0")=0,"",SUMIFS(Countries!$P$5:$P$434,Countries!$A$5:$A$434,"All landing pages",Countries!$B$5:$B$434,"Direct",Countries!$D$5:$D$434,$A75,Countries!$E$5:$E$434,">0")/SUMIFS(Countries!$E$5:$E$434,Countries!$A$5:$A$434,"All landing pages",Countries!$B$5:$B$434,"Direct",Countries!$D$5:$D$434,$A75,Countries!$P$5:$P$434,">0")) | M75: =IF(SUMIFS(Countries!$F$5:$F$434,Countries!$A$5:$A$434,"All landing pages",Countries!$B$5:$B$434,"Direct",Countries!$D$5:$D$434,$A75,Countries!$Q$5:$Q$434,">0")=0,"",SUMIFS(Countries!$Q$5:$Q$434,Countries!$A$5:$A$434,"All landing pages",Countries!$B$5:$B$434,"Direct",Countries!$D$5:$D$434,$A75,Countries!$F$5:$F$434,">0")/SUMIFS(Countries!$F$5:$F$434,Countries!$A$5:$A$434,"All landing pages",Countries!$B$5:$B$434,"Direct",Countries!$D$5:$D$434,$A75,Countries!$Q$5:$Q$434,">0")) | N75: =IF(OR(L75="",M75=""),"",(M75-L75)*100) | O75: =IF(SUMIFS(Countries!$P$5:$P$434,Countries!$A$5:$A$434,"All landing pages",Countries!$B$5:$B$434,"Direct",Countries!$D$5:$D$434,$A75,Countries!$AR$5:$AR$434,">0")=0,"",SUMIFS(Countries!$AR$5:$AR$434,Countries!$A$5:$A$434,"All landing pages",Countries!$B$5:$B$434,"Direct",Countries!$D$5:$D$434,$A75,Countries!$P$5:$P$434,">0")/SUMIFS(Countries!$P$5:$P$434,Countries!$A$5:$A$434,"All landing pages",Countries!$B$5:$B$434,"Direct",Countries!$D$5:$D$434,$A75,Countries!$AR$5:$AR$434,">0")) | P75: =IF(SUMIFS(Countries!$Q$5:$Q$434,Countries!$A$5:$A$434,"All landing pages",Countries!$B$5:$B$434,"Direct",Countries!$D$5:$D$434,$A75,Countries!$AS$5:$AS$434,">0")=0,"",SUMIFS(Countries!$AS$5:$AS$434,Countries!$A$5:$A$434,"All landing pages",Countries!$B$5:$B$434,"Direct",Countries!$D$5:$D$434,$A75,Countries!$Q$5:$Q$434,">0")/SUMIFS(Countries!$Q$5:$Q$434,Countries!$A$5:$A$434,"All landing pages",Countries!$B$5:$B$434,"Direct",Countries!$D$5:$D$434,$A75,Countries!$AS$5:$AS$434,">0")) | Q75: =IF(OR(O75="",P75=""),"",(P75-O75)*100) | R75: =IF(SUMIFS(Countries!$E$5:$E$434,Countries!$A$5:$A$434,"All landing pages",Countries!$B$5:$B$434,"Direct",Countries!$D$5:$D$434,$A75,Countries!$AR$5:$AR$434,">0")=0,"",SUMIFS(Countries!$AR$5:$AR$434,Countries!$A$5:$A$434,"All landing pages",Countries!$B$5:$B$434,"Direct",Countries!$D$5:$D$434,$A75,Countries!$E$5:$E$434,">0")/SUMIFS(Countries!$E$5:$E$434,Countries!$A$5:$A$434,"All landing pages",Countries!$B$5:$B$434,"Direct",Countries!$D$5:$D$434,$A75,Countries!$AR$5:$AR$434,">0")) | S75: =IF(SUMIFS(Countries!$F$5:$F$434,Countries!$A$5:$A$434,"All landing pages",Countries!$B$5:$B$434,"Direct",Countries!$D$5:$D$434,$A75,Countries!$AS$5:$AS$434,">0")=0,"",SUMIFS(Countries!$AS$5:$AS$434,Countries!$A$5:$A$434,"All landing pages",Countries!$B$5:$B$434,"Direct",Countries!$D$5:$D$434,$A75,Countries!$F$5:$F$434,">0")/SUMIFS(Countries!$F$5:$F$434,Countries!$A$5:$A$434,"All landing pages",Countries!$B$5:$B$434,"Direct",Countries!$D$5:$D$434,$A75,Countries!$AS$5:$AS$434,">0")) | T75: =IF(OR(R75="",S75=""),"",(S75-R75)*100)
A76: Austria | B76: Direct | C76: =IF(SUMIFS(Countries!$E$5:$E$434,Countries!$A$5:$A$434,"All landing pages",Countries!$B$5:$B$434,"Direct",Countries!$D$5:$D$434,$A76)=0,"",SUMIFS(Countries!$E$5:$E$434,Countries!$A$5:$A$434,"All landing pages",Countries!$B$5:$B$434,"Direct",Countries!$D$5:$D$434,$A76)) | D76: =IF(SUMIFS(Countries!$F$5:$F$434,Countries!$A$5:$A$434,"All landing pages",Countries!$B$5:$B$434,"Direct",Countries!$D$5:$D$434,$A76)=0,"",SUMIFS(Countries!$F$5:$F$434,Countries!$A$5:$A$434,"All landing pages",Countries!$B$5:$B$434,"Direct",Countries!$D$5:$D$434,$A76)) | E76: =IF(OR(C76="",D76="",D76=0,C76=0),"",D76/C76-1) | F76: =IF(SUMIFS(Countries!$P$5:$P$434,Countries!$A$5:$A$434,"All landing pages",Countries!$B$5:$B$434,"Direct",Countries!$D$5:$D$434,$A76)=0,"",SUMIFS(Countries!$P$5:$P$434,Countries!$A$5:$A$434,"All landing pages",Countries!$B$5:$B$434,"Direct",Countries!$D$5:$D$434,$A76)) | G76: =IF(SUMIFS(Countries!$Q$5:$Q$434,Countries!$A$5:$A$434,"All landing pages",Countries!$B$5:$B$434,"Direct",Countries!$D$5:$D$434,$A76)=0,"",SUMIFS(Countries!$Q$5:$Q$434,Countries!$A$5:$A$434,"All landing pages",Countries!$B$5:$B$434,"Direct",Countries!$D$5:$D$434,$A76)) | H76: =IF(OR(F76="",G76="",G76=0,F76=0),"",G76/F76-1) | I76: =IF(SUMIFS(Countries!$AR$5:$AR$434,Countries!$A$5:$A$434,"All landing pages",Countries!$B$5:$B$434,"Direct",Countries!$D$5:$D$434,$A76)=0,"",SUMIFS(Countries!$AR$5:$AR$434,Countries!$A$5:$A$434,"All landing pages",Countries!$B$5:$B$434,"Direct",Countries!$D$5:$D$434,$A76)) | J76: =IF(SUMIFS(Countries!$AS$5:$AS$434,Countries!$A$5:$A$434,"All landing pages",Countries!$B$5:$B$434,"Direct",Countries!$D$5:$D$434,$A76)=0,"",SUMIFS(Countries!$AS$5:$AS$434,Countries!$A$5:$A$434,"All landing pages",Countries!$B$5:$B$434,"Direct",Countries!$D$5:$D$434,$A76)) | K76: =IF(OR(I76="",J76="",J76=0,I76=0),"",J76/I76-1) | L76: =IF(SUMIFS(Countries!$E$5:$E$434,Countries!$A$5:$A$434,"All landing pages",Countries!$B$5:$B$434,"Direct",Countries!$D$5:$D$434,$A76,Countries!$P$5:$P$434,">0")=0,"",SUMIFS(Countries!$P$5:$P$434,Countries!$A$5:$A$434,"All landing pages",Countries!$B$5:$B$434,"Direct",Countries!$D$5:$D$434,$A76,Countries!$E$5:$E$434,">0")/SUMIFS(Countries!$E$5:$E$434,Countries!$A$5:$A$434,"All landing pages",Countries!$B$5:$B$434,"Direct",Countries!$D$5:$D$434,$A76,Countries!$P$5:$P$434,">0")) | M76: =IF(SUMIFS(Countries!$F$5:$F$434,Countries!$A$5:$A$434,"All landing pages",Countries!$B$5:$B$434,"Direct",Countries!$D$5:$D$434,$A76,Countries!$Q$5:$Q$434,">0")=0,"",SUMIFS(Countries!$Q$5:$Q$434,Countries!$A$5:$A$434,"All landing pages",Countries!$B$5:$B$434,"Direct",Countries!$D$5:$D$434,$A76,Countries!$F$5:$F$434,">0")/SUMIFS(Countries!$F$5:$F$434,Countries!$A$5:$A$434,"All landing pages",Countries!$B$5:$B$434,"Direct",Countries!$D$5:$D$434,$A76,Countries!$Q$5:$Q$434,">0")) | N76: =IF(OR(L76="",M76=""),"",(M76-L76)*100) | O76: =IF(SUMIFS(Countries!$P$5:$P$434,Countries!$A$5:$A$434,"All landing pages",Countries!$B$5:$B$434,"Direct",Countries!$D$5:$D$434,$A76,Countries!$AR$5:$AR$434,">0")=0,"",SUMIFS(Countries!$AR$5:$AR$434,Countries!$A$5:$A$434,"All landing pages",Countries!$B$5:$B$434,"Direct",Countries!$D$5:$D$434,$A76,Countries!$P$5:$P$434,">0")/SUMIFS(Countries!$P$5:$P$434,Countries!$A$5:$A$434,"All landing pages",Countries!$B$5:$B$434,"Direct",Countries!$D$5:$D$434,$A76,Countries!$AR$5:$AR$434,">0")) | P76: =IF(SUMIFS(Countries!$Q$5:$Q$434,Countries!$A$5:$A$434,"All landing pages",Countries!$B$5:$B$434,"Direct",Countries!$D$5:$D$434,$A76,Countries!$AS$5:$AS$434,">0")=0,"",SUMIFS(Countries!$AS$5:$AS$434,Countries!$A$5:$A$434,"All landing pages",Countries!$B$5:$B$434,"Direct",Countries!$D$5:$D$434,$A76,Countries!$Q$5:$Q$434,">0")/SUMIFS(Countries!$Q$5:$Q$434,Countries!$A$5:$A$434,"All landing pages",Countries!$B$5:$B$434,"Direct",Countries!$D$5:$D$434,$A76,Countries!$AS$5:$AS$434,">0")) | Q76: =IF(OR(O76="",P76=""),"",(P76-O76)*100) | R76: =IF(SUMIFS(Countries!$E$5:$E$434,Countries!$A$5:$A$434,"All landing pages",Countries!$B$5:$B$434,"Direct",Countries!$D$5:$D$434,$A76,Countries!$AR$5:$AR$434,">0")=0,"",SUMIFS(Countries!$AR$5:$AR$434,Countries!$A$5:$A$434,"All landing pages",Countries!$B$5:$B$434,"Direct",Countries!$D$5:$D$434,$A76,Countries!$E$5:$E$434,">0")/SUMIFS(Countries!$E$5:$E$434,Countries!$A$5:$A$434,"All landing pages",Countries!$B$5:$B$434,"Direct",Countries!$D$5:$D$434,$A76,Countries!$AR$5:$AR$434,">0")) | S76: =IF(SUMIFS(Countries!$F$5:$F$434,Countries!$A$5:$A$434,"All landing pages",Countries!$B$5:$B$434,"Direct",Countries!$D$5:$D$434,$A76,Countries!$AS$5:$AS$434,">0")=0,"",SUMIFS(Countries!$AS$5:$AS$434,Countries!$A$5:$A$434,"All landing pages",Countries!$B$5:$B$434,"Direct",Countries!$D$5:$D$434,$A76,Countries!$F$5:$F$434,">0")/SUMIFS(Countries!$F$5:$F$434,Countries!$A$5:$A$434,"All landing pages",Countries!$B$5:$B$434,"Direct",Countries!$D$5:$D$434,$A76,Countries!$AS$5:$AS$434,">0")) | T76: =IF(OR(R76="",S76=""),"",(S76-R76)*100)
... A88: Ukraine | B88: Direct | C88: =IF(SUMIFS(Countries!$E$5:$E$434,Countries!$A$5:$A$434,"All landing pages",Countries!$B$5:$B$434,"Direct",Countries!$D$5:$D$434,$A88)=0,"",SUMIFS(Countries!$E$5:$E$434,Countries!$A$5:$A$434,"All landing pages",Countries!$B$5:$B$434,"Direct",Countries!$D$5:$D$434,$A88)) | D88: =IF(SUMIFS(Countries!$F$5:$F$434,Countries!$A$5:$A$434,"All landing pages",Countries!$B$5:$B$434,"Direct",Countries!$D$5:$D$434,$A88)=0,"",SUMIFS(Countries!$F$5:$F$434,Countries!$A$5:$A$434,"All landing pages",Countries!$B$5:$B$434,"Direct",Countries!$D$5:$D$434,$A88)) | E88: =IF(OR(C88="",D88="",D88=0,C88=0),"",D88/C88-1) | F88: =IF(SUMIFS(Countries!$P$5:$P$434,Countries!$A$5:$A$434,"All landing pages",Countries!$B$5:$B$434,"Direct",Countries!$D$5:$D$434,$A88)=0,"",SUMIFS(Countries!$P$5:$P$434,Countries!$A$5:$A$434,"All landing pages",Countries!$B$5:$B$434,"Direct",Countries!$D$5:$D$434,$A88)) | G88: =IF(SUMIFS(Countries!$Q$5:$Q$434,Countries!$A$5:$A$434,"All landing pages",Countries!$B$5:$B$434,"Direct",Countries!$D$5:$D$434,$A88)=0,"",SUMIFS(Countries!$Q$5:$Q$434,Countries!$A$5:$A$434,"All landing pages",Countries!$B$5:$B$434,"Direct",Countries!$D$5:$D$434,$A88)) | H88: =IF(OR(F88="",G88="",G88=0,F88=0),"",G88/F88-1) | I88: =IF(SUMIFS(Countries!$AR$5:$AR$434,Countries!$A$5:$A$434,"All landing pages",Countries!$B$5:$B$434,"Direct",Countries!$D$5:$D$434,$A88)=0,"",SUMIFS(Countries!$AR$5:$AR$434,Countries!$A$5:$A$434,"All landing pages",Countries!$B$5:$B$434,"Direct",Countries!$D$5:$D$434,$A88)) | J88: =IF(SUMIFS(Countries!$AS$5:$AS$434,Countries!$A$5:$A$434,"All landing pages",Countries!$B$5:$B$434,"Direct",Countries!$D$5:$D$434,$A88)=0,"",SUMIFS(Countries!$AS$5:$AS$434,Countries!$A$5:$A$434,"All landing pages",Countries!$B$5:$B$434,"Direct",Countries!$D$5:$D$434,$A88)) | K88: =IF(OR(I88="",J88="",J88=0,I88=0),"",J88/I88-1) | L88: =IF(SUMIFS(Countries!$E$5:$E$434,Countries!$A$5:$A$434,"All landing pages",Countries!$B$5:$B$434,"Direct",Countries!$D$5:$D$434,$A88,Countries!$P$5:$P$434,">0")=0,"",SUMIFS(Countries!$P$5:$P$434,Countries!$A$5:$A$434,"All landing pages",Countries!$B$5:$B$434,"Direct",Countries!$D$5:$D$434,$A88,Countries!$E$5:$E$434,">0")/SUMIFS(Countries!$E$5:$E$434,Countries!$A$5:$A$434,"All landing pages",Countries!$B$5:$B$434,"Direct",Countries!$D$5:$D$434,$A88,Countries!$P$5:$P$434,">0")) | M88: =IF(SUMIFS(Countries!$F$5:$F$434,Countries!$A$5:$A$434,"All landing pages",Countries!$B$5:$B$434,"Direct",Countries!$D$5:$D$434,$A88,Countries!$Q$5:$Q$434,">0")=0,"",SUMIFS(Countries!$Q$5:$Q$434,Countries!$A$5:$A$434,"All landing pages",Countries!$B$5:$B$434,"Direct",Countries!$D$5:$D$434,$A88,Countries!$F$5:$F$434,">0")/SUMIFS(Countries!$F$5:$F$434,Countries!$A$5:$A$434,"All landing pages",Countries!$B$5:$B$434,"Direct",Countries!$D$5:$D$434,$A88,Countries!$Q$5:$Q$434,">0")) | N88: =IF(OR(L88="",M88=""),"",(M88-L88)*100) | O88: =IF(SUMIFS(Countries!$P$5:$P$434,Countries!$A$5:$A$434,"All landing pages",Countries!$B$5:$B$434,"Direct",Countries!$D$5:$D$434,$A88,Countries!$AR$5:$AR$434,">0")=0,"",SUMIFS(Countries!$AR$5:$AR$434,Countries!$A$5:$A$434,"All landing pages",Countries!$B$5:$B$434,"Direct",Countries!$D$5:$D$434,$A88,Countries!$P$5:$P$434,">0")/SUMIFS(Countries!$P$5:$P$434,Countries!$A$5:$A$434,"All landing pages",Countries!$B$5:$B$434,"Direct",Countries!$D$5:$D$434,$A88,Countries!$AR$5:$AR$434,">0")) | P88: =IF(SUMIFS(Countries!$Q$5:$Q$434,Countries!$A$5:$A$434,"All landing pages",Countries!$B$5:$B$434,"Direct",Countries!$D$5:$D$434,$A88,Countries!$AS$5:$AS$434,">0")=0,"",SUMIFS(Countries!$AS$5:$AS$434,Countries!$A$5:$A$434,"All landing pages",Countries!$B$5:$B$434,"Direct",Countries!$D$5:$D$434,$A88,Countries!$Q$5:$Q$434,">0")/SUMIFS(Countries!$Q$5:$Q$434,Countries!$A$5:$A$434,"All landing pages",Countries!$B$5:$B$434,"Direct",Countries!$D$5:$D$434,$A88,Countries!$AS$5:$AS$434,">0")) | Q88: =IF(OR(O88="",P88=""),"",(P88-O88)*100) | R88: =IF(SUMIFS(Countries!$E$5:$E$434,Countries!$A$5:$A$434,"All landing pages",Countries!$B$5:$B$434,"Direct",Countries!$D$5:$D$434,$A88,Countries!$AR$5:$AR$434,">0")=0,"",SUMIFS(Countries!$AR$5:$AR$434,Countries!$A$5:$A$434,"All landing pages",Countries!$B$5:$B$434,"Direct",Countries!$D$5:$D$434,$A88,Countries!$E$5:$E$434,">0")/SUMIFS(Countries!$E$5:$E$434,Countries!$A$5:$A$434,"All landing pages",Countries!$B$5:$B$434,"Direct",Countries!$D$5:$D$434,$A88,Countries!$AR$5:$AR$434,">0")) | S88: =IF(SUMIFS(Countries!$F$5:$F$434,Countries!$A$5:$A$434,"All landing pages",Countries!$B$5:$B$434,"Direct",Countries!$D$5:$D$434,$A88,Countries!$AS$5:$AS$434,">0")=0,"",SUMIFS(Countries!$AS$5:$AS$434,Countries!$A$5:$A$434,"All landing pages",Countries!$B$5:$B$434,"Direct",Countries!$D$5:$D$434,$A88,Countries!$F$5:$F$434,">0")/SUMIFS(Countries!$F$5:$F$434,Countries!$A$5:$A$434,"All landing pages",Countries!$B$5:$B$434,"Direct",Countries!$D$5:$D$434,$A88,Countries!$AS$5:$AS$434,">0")) | T88: =IF(OR(R88="",S88=""),"",(S88-R88)*100)
A89: Sum of listed markets | B89: Direct | C89: =SUM(C65:C88) | D89: =SUM(D65:D88) | E89: =IF(OR(C89="",D89="",D89=0,C89=0),"",D89/C89-1) | F89: =SUM(F65:F88) | G89: =SUM(G65:G88) | H89: =IF(OR(F89="",G89="",G89=0,F89=0),"",G89/F89-1) | I89: =SUM(I65:I88) | J89: =SUM(J65:J88) | K89: =IF(OR(I89="",J89="",J89=0,I89=0),"",J89/I89-1) | L89: =IF(OR(F89="",C89="",C89=0),"",F89/C89) | M89: =IF(OR(G89="",D89="",D89=0),"",G89/D89) | N89: =IF(OR(L89="",M89=""),"",(M89-L89)*100) | O89: =IF(OR(I89="",F89="",F89=0),"",I89/F89) | P89: =IF(OR(J89="",G89="",G89=0),"",J89/G89) | Q89: =IF(OR(O89="",P89=""),"",(P89-O89)*100) | R89: =IF(OR(I89="",C89="",C89=0),"",I89/C89) | S89: =IF(OR(J89="",D89="",D89=0),"",J89/D89) | T89: =IF(OR(R89="",S89=""),"",(S89-R89)*100)
A90: Scorecard total (Direct) | B90: All | C90: =SUMIFS(Totals!$D$5:$D$49,Totals!$A$5:$A$49,"All landing pages",Totals!$B$5:$B$49,"Direct",Totals!$C$5:$C$49,"Total") | D90: =SUMIFS(Totals!$E$5:$E$49,Totals!$A$5:$A$49,"All landing pages",Totals!$B$5:$B$49,"Direct",Totals!$C$5:$C$49,"Total") | E90: =IF(OR(C90="",D90="",D90=0,C90=0),"",D90/C90-1) | F90: =SUMIFS(Totals!$O$5:$O$49,Totals!$A$5:$A$49,"All landing pages",Totals!$B$5:$B$49,"Direct",Totals!$C$5:$C$49,"Total") | G90: =SUMIFS(Totals!$P$5:$P$49,Totals!$A$5:$A$49,"All landing pages",Totals!$B$5:$B$49,"Direct",Totals!$C$5:$C$49,"Total") | H90: =IF(OR(F90="",G90="",G90=0,F90=0),"",G90/F90-1) | I90: =SUMIFS(Totals!$AQ$5:$AQ$49,Totals!$A$5:$A$49,"All landing pages",Totals!$B$5:$B$49,"Direct",Totals!$C$5:$C$49,"Total") | J90: =SUMIFS(Totals!$AR$5:$AR$49,Totals!$A$5:$A$49,"All landing pages",Totals!$B$5:$B$49,"Direct",Totals!$C$5:$C$49,"Total") | K90: =IF(OR(I90="",J90="",J90=0,I90=0),"",J90/I90-1) | L90: =IF(OR(F90="",C90="",C90=0),"",F90/C90) | M90: =IF(OR(G90="",D90="",D90=0),"",G90/D90) | N90: =IF(OR(L90="",M90=""),"",(M90-L90)*100) | O90: =IF(OR(I90="",F90="",F90=0),"",I90/F90) | P90: =IF(OR(J90="",G90="",G90=0),"",J90/G90) | Q90: =IF(OR(O90="",P90=""),"",(P90-O90)*100) | R90: =IF(OR(I90="",C90="",C90=0),"",I90/C90) | S90: =IF(OR(J90="",D90="",D90=0),"",J90/D90) | T90: =IF(OR(R90="",S90=""),"",(S90-R90)*100)
A91: Coverage of listed markets | C91: =IFERROR(C89/C90,"") | D91: =IFERROR(D89/D90,"") | F91: =IFERROR(F89/F90,"") | G91: =IFERROR(G89/G90,"") | I91: =IFERROR(I89/I90,"") | J91: =IFERROR(J89/J90,"")
A93: By market x channel — Desktop only (all landing pages — Looker visible rows only)
A94: Paid Search — Desktop
A95: United Kingdom | B95: Paid Search | C95: =IF(SUMIFS(Countries!$E$5:$E$434,Countries!$A$5:$A$434,"All landing pages",Countries!$B$5:$B$434,"Paid Search",Countries!$C$5:$C$434,"Desktop",Countries!$D$5:$D$434,$A95)=0,"",SUMIFS(Countries!$E$5:$E$434,Countries!$A$5:$A$434,"All landing pages",Countries!$B$5:$B$434,"Paid Search",Countries!$C$5:$C$434,"Desktop",Countries!$D$5:$D$434,$A95)) | D95: =IF(SUMIFS(Countries!$F$5:$F$434,Countries!$A$5:$A$434,"All landing pages",Countries!$B$5:$B$434,"Paid Search",Countries!$C$5:$C$434,"Desktop",Countries!$D$5:$D$434,$A95)=0,"",SUMIFS(Countries!$F$5:$F$434,Countries!$A$5:$A$434,"All landing pages",Countries!$B$5:$B$434,"Paid Search",Countries!$C$5:$C$434,"Desktop",Countries!$D$5:$D$434,$A95)) | E95: =IF(OR(C95="",D95="",D95=0,C95=0),"",D95/C95-1) | F95: =IF(SUMIFS(Countries!$P$5:$P$434,Countries!$A$5:$A$434,"All landing pages",Countries!$B$5:$B$434,"Paid Search",Countries!$C$5:$C$434,"Desktop",Countries!$D$5:$D$434,$A95)=0,"",SUMIFS(Countries!$P$5:$P$434,Countries!$A$5:$A$434,"All landing pages",Countries!$B$5:$B$434,"Paid Search",Countries!$C$5:$C$434,"Desktop",Countries!$D$5:$D$434,$A95)) | G95: =IF(SUMIFS(Countries!$Q$5:$Q$434,Countries!$A$5:$A$434,"All landing pages",Countries!$B$5:$B$434,"Paid Search",Countries!$C$5:$C$434,"Desktop",Countries!$D$5:$D$434,$A95)=0,"",SUMIFS(Countries!$Q$5:$Q$434,Countries!$A$5:$A$434,"All landing pages",Countries!$B$5:$B$434,"Paid Search",Countries!$C$5:$C$434,"Desktop",Countries!$D$5:$D$434,$A95)) | H95: =IF(OR(F95="",G95="",G95=0,F95=0),"",G95/F95-1) | I95: =IF(SUMIFS(Countries!$AR$5:$AR$434,Countries!$A$5:$A$434,"All landing pages",Countries!$B$5:$B$434,"Paid Search",Countries!$C$5:$C$434,"Desktop",Countries!$D$5:$D$434,$A95)=0,"",SUMIFS(Countries!$AR$5:$AR$434,Countries!$A$5:$A$434,"All landing pages",Countries!$B$5:$B$434,"Paid Search",Countries!$C$5:$C$434,"Desktop",Countries!$D$5:$D$434,$A95)) | J95: =IF(SUMIFS(Countries!$AS$5:$AS$434,Countries!$A$5:$A$434,"All landing pages",Countries!$B$5:$B$434,"Paid Search",Countries!$C$5:$C$434,"Desktop",Countries!$D$5:$D$434,$A95)=0,"",SUMIFS(Countries!$AS$5:$AS$434,Countries!$A$5:$A$434,"All landing pages",Countries!$B$5:$B$434,"Paid Search",Countries!$C$5:$C$434,"Desktop",Countries!$D$5:$D$434,$A95)) | K95: =IF(OR(I95="",J95="",J95=0,I95=0),"",J95/I95-1) | L95: =IF(SUMIFS(Countries!$E$5:$E$434,Countries!$A$5:$A$434,"All landing pages",Countries!$B$5:$B$434,"Paid Search",Countries!$C$5:$C$434,"Desktop",Countries!$D$5:$D$434,$A95,Countries!$P$5:$P$434,">0")=0,"",SUMIFS(Countries!$P$5:$P$434,Countries!$A$5:$A$434,"All landing pages",Countries!$B$5:$B$434,"Paid Search",Countries!$C$5:$C$434,"Desktop",Countries!$D$5:$D$434,$A95,Countries!$E$5:$E$434,">0")/SUMIFS(Countries!$E$5:$E$434,Countries!$A$5:$A$434,"All landing pages",Countries!$B$5:$B$434,"Paid Search",Countries!$C$5:$C$434,"Desktop",Countries!$D$5:$D$434,$A95,Countries!$P$5:$P$434,">0")) | M95: =IF(SUMIFS(Countries!$F$5:$F$434,Countries!$A$5:$A$434,"All landing pages",Countries!$B$5:$B$434,"Paid Search",Countries!$C$5:$C$434,"Desktop",Countries!$D$5:$D$434,$A95,Countries!$Q$5:$Q$434,">0")=0,"",SUMIFS(Countries!$Q$5:$Q$434,Countries!$A$5:$A$434,"All landing pages",Countries!$B$5:$B$434,"Paid Search",Countries!$C$5:$C$434,"Desktop",Countries!$D$5:$D$434,$A95,Countries!$F$5:$F$434,">0")/SUMIFS(Countries!$F$5:$F$434,Countries!$A$5:$A$434,"All landing pages",Countries!$B$5:$B$434,"Paid Search",Countries!$C$5:$C$434,"Desktop",Countries!$D$5:$D$434,$A95,Countries!$Q$5:$Q$434,">0")) | N95: =IF(OR(L95="",M95=""),"",(M95-L95)*100) | O95: =IF(SUMIFS(Countries!$P$5:$P$434,Countries!$A$5:$A$434,"All landing pages",Countries!$B$5:$B$434,"Paid Search",Countries!$C$5:$C$434,"Desktop",Countries!$D$5:$D$434,$A95,Countries!$AR$5:$AR$434,">0")=0,"",SUMIFS(Countries!$AR$5:$AR$434,Countries!$A$5:$A$434,"All landing pages",Countries!$B$5:$B$434,"Paid Search",Countries!$C$5:$C$434,"Desktop",Countries!$D$5:$D$434,$A95,Countries!$P$5:$P$434,">0")/SUMIFS(Countries!$P$5:$P$434,Countries!$A$5:$A$434,"All landing pages",Countries!$B$5:$B$434,"Paid Search",Countries!$C$5:$C$434,"Desktop",Countries!$D$5:$D$434,$A95,Countries!$AR$5:$AR$434,">0")) | P95: =IF(SUMIFS(Countries!$Q$5:$Q$434,Countries!$A$5:$A$434,"All landing pages",Countries!$B$5:$B$434,"Paid Search",Countries!$C$5:$C$434,"Desktop",Countries!$D$5:$D$434,$A95,Countries!$AS$5:$AS$434,">0")=0,"",SUMIFS(Countries!$AS$5:$AS$434,Countries!$A$5:$A$434,"All landing pages",Countries!$B$5:$B$434,"Paid Search",Countries!$C$5:$C$434,"Desktop",Countries!$D$5:$D$434,$A95,Countries!$Q$5:$Q$434,">0")/SUMIFS(Countries!$Q$5:$Q$434,Countries!$A$5:$A$434,"All landing pages",Countries!$B$5:$B$434,"Paid Search",Countries!$C$5:$C$434,"Desktop",Countries!$D$5:$D$434,$A95,Countries!$AS$5:$AS$434,">0")) | Q95: =IF(OR(O95="",P95=""),"",(P95-O95)*100) | R95: =IF(SUMIFS(Countries!$E$5:$E$434,Countries!$A$5:$A$434,"All landing pages",Countries!$B$5:$B$434,"Paid Search",Countries!$C$5:$C$434,"Desktop",Countries!$D$5:$D$434,$A95,Countries!$AR$5:$AR$434,">0")=0,"",SUMIFS(Countries!$AR$5:$AR$434,Countries!$A$5:$A$434,"All landing pages",Countries!$B$5:$B$434,"Paid Search",Countries!$C$5:$C$434,"Desktop",Countries!$D$5:$D$434,$A95,Countries!$E$5:$E$434,">0")/SUMIFS(Countries!$E$5:$E$434,Countries!$A$5:$A$434,"All landing pages",Countries!$B$5:$B$434,"Paid Search",Countries!$C$5:$C$434,"Desktop",Countries!$D$5:$D$434,$A95,Countries!$AR$5:$AR$434,">0")) | S95: =IF(SUMIFS(Countries!$F$5:$F$434,Countries!$A$5:$A$434,"All landing pages",Countries!$B$5:$B$434,"Paid Search",Countries!$C$5:$C$434,"Desktop",Countries!$D$5:$D$434,$A95,Countries!$AS$5:$AS$434,">0")=0,"",SUMIFS(Countries!$AS$5:$AS$434,Countries!$A$5:$A$434,"All landing pages",Countries!$B$5:$B$434,"Paid Search",Countries!$C$5:$C$434,"Desktop",Countries!$D$5:$D$434,$A95,Countries!$F$5:$F$434,">0")/SUMIFS(Countries!$F$5:$F$434,Countries!$A$5:$A$434,"All landing pages",Countries!$B$5:$B$434,"Paid Search",Countries!$C$5:$C$434,"Desktop",Countries!$D$5:$D$434,$A95,Countries!$AS$5:$AS$434,">0")) | T95: =IF(OR(R95="",S95=""),"",(S95-R95)*100)
A96: Germany | B96: Paid Search | C96: =IF(SUMIFS(Countries!$E$5:$E$434,Countries!$A$5:$A$434,"All landing pages",Countries!$B$5:$B$434,"Paid Search",Countries!$C$5:$C$434,"Desktop",Countries!$D$5:$D$434,$A96)=0,"",SUMIFS(Countries!$E$5:$E$434,Countries!$A$5:$A$434,"All landing pages",Countries!$B$5:$B$434,"Paid Search",Countries!$C$5:$C$434,"Desktop",Countries!$D$5:$D$434,$A96)) | D96: =IF(SUMIFS(Countries!$F$5:$F$434,Countries!$A$5:$A$434,"All landing pages",Countries!$B$5:$B$434,"Paid Search",Countries!$C$5:$C$434,"Desktop",Countries!$D$5:$D$434,$A96)=0,"",SUMIFS(Countries!$F$5:$F$434,Countries!$A$5:$A$434,"All landing pages",Countries!$B$5:$B$434,"Paid Search",Countries!$C$5:$C$434,"Desktop",Countries!$D$5:$D$434,$A96)) | E96: =IF(OR(C96="",D96="",D96=0,C96=0),"",D96/C96-1) | F96: =IF(SUMIFS(Countries!$P$5:$P$434,Countries!$A$5:$A$434,"All landing pages",Countries!$B$5:$B$434,"Paid Search",Countries!$C$5:$C$434,"Desktop",Countries!$D$5:$D$434,$A96)=0,"",SUMIFS(Countries!$P$5:$P$434,Countries!$A$5:$A$434,"All landing pages",Countries!$B$5:$B$434,"Paid Search",Countries!$C$5:$C$434,"Desktop",Countries!$D$5:$D$434,$A96)) | G96: =IF(SUMIFS(Countries!$Q$5:$Q$434,Countries!$A$5:$A$434,"All landing pages",Countries!$B$5:$B$434,"Paid Search",Countries!$C$5:$C$434,"Desktop",Countries!$D$5:$D$434,$A96)=0,"",SUMIFS(Countries!$Q$5:$Q$434,Countries!$A$5:$A$434,"All landing pages",Countries!$B$5:$B$434,"Paid Search",Countries!$C$5:$C$434,"Desktop",Countries!$D$5:$D$434,$A96)) | H96: =IF(OR(F96="",G96="",G96=0,F96=0),"",G96/F96-1) | I96: =IF(SUMIFS(Countries!$AR$5:$AR$434,Countries!$A$5:$A$434,"All landing pages",Countries!$B$5:$B$434,"Paid Search",Countries!$C$5:$C$434,"Desktop",Countries!$D$5:$D$434,$A96)=0,"",SUMIFS(Countries!$AR$5:$AR$434,Countries!$A$5:$A$434,"All landing pages",Countries!$B$5:$B$434,"Paid Search",Countries!$C$5:$C$434,"Desktop",Countries!$D$5:$D$434,$A96)) | J96: =IF(SUMIFS(Countries!$AS$5:$AS$434,Countries!$A$5:$A$434,"All landing pages",Countries!$B$5:$B$434,"Paid Search",Countries!$C$5:$C$434,"Desktop",Countries!$D$5:$D$434,$A96)=0,"",SUMIFS(Countries!$AS$5:$AS$434,Countries!$A$5:$A$434,"All landing pages",Countries!$B$5:$B$434,"Paid Search",Countries!$C$5:$C$434,"Desktop",Countries!$D$5:$D$434,$A96)) | K96: =IF(OR(I96="",J96="",J96=0,I96=0),"",J96/I96-1) | L96: =IF(SUMIFS(Countries!$E$5:$E$434,Countries!$A$5:$A$434,"All landing pages",Countries!$B$5:$B$434,"Paid Search",Countries!$C$5:$C$434,"Desktop",Countries!$D$5:$D$434,$A96,Countries!$P$5:$P$434,">0")=0,"",SUMIFS(Countries!$P$5:$P$434,Countries!$A$5:$A$434,"All landing pages",Countries!$B$5:$B$434,"Paid Search",Countries!$C$5:$C$434,"Desktop",Countries!$D$5:$D$434,$A96,Countries!$E$5:$E$434,">0")/SUMIFS(Countries!$E$5:$E$434,Countries!$A$5:$A$434,"All landing pages",Countries!$B$5:$B$434,"Paid Search",Countries!$C$5:$C$434,"Desktop",Countries!$D$5:$D$434,$A96,Countries!$P$5:$P$434,">0")) | M96: =IF(SUMIFS(Countries!$F$5:$F$434,Countries!$A$5:$A$434,"All landing pages",Countries!$B$5:$B$434,"Paid Search",Countries!$C$5:$C$434,"Desktop",Countries!$D$5:$D$434,$A96,Countries!$Q$5:$Q$434,">0")=0,"",SUMIFS(Countries!$Q$5:$Q$434,Countries!$A$5:$A$434,"All landing pages",Countries!$B$5:$B$434,"Paid Search",Countries!$C$5:$C$434,"Desktop",Countries!$D$5:$D$434,$A96,Countries!$F$5:$F$434,">0")/SUMIFS(Countries!$F$5:$F$434,Countries!$A$5:$A$434,"All landing pages",Countries!$B$5:$B$434,"Paid Search",Countries!$C$5:$C$434,"Desktop",Countries!$D$5:$D$434,$A96,Countries!$Q$5:$Q$434,">0")) | N96: =IF(OR(L96="",M96=""),"",(M96-L96)*100) | O96: =IF(SUMIFS(Countries!$P$5:$P$434,Countries!$A$5:$A$434,"All landing pages",Countries!$B$5:$B$434,"Paid Search",Countries!$C$5:$C$434,"Desktop",Countries!$D$5:$D$434,$A96,Countries!$AR$5:$AR$434,">0")=0,"",SUMIFS(Countries!$AR$5:$AR$434,Countries!$A$5:$A$434,"All landing pages",Countries!$B$5:$B$434,"Paid Search",Countries!$C$5:$C$434,"Desktop",Countries!$D$5:$D$434,$A96,Countries!$P$5:$P$434,">0")/SUMIFS(Countries!$P$5:$P$434,Countries!$A$5:$A$434,"All landing pages",Countries!$B$5:$B$434,"Paid Search",Countries!$C$5:$C$434,"Desktop",Countries!$D$5:$D$434,$A96,Countries!$AR$5:$AR$434,">0")) | P96: =IF(SUMIFS(Countries!$Q$5:$Q$434,Countries!$A$5:$A$434,"All landing pages",Countries!$B$5:$B$434,"Paid Search",Countries!$C$5:$C$434,"Desktop",Countries!$D$5:$D$434,$A96,Countries!$AS$5:$AS$434,">0")=0,"",SUMIFS(Countries!$AS$5:$AS$434,Countries!$A$5:$A$434,"All landing pages",Countries!$B$5:$B$434,"Paid Search",Countries!$C$5:$C$434,"Desktop",Countries!$D$5:$D$434,$A96,Countries!$Q$5:$Q$434,">0")/SUMIFS(Countries!$Q$5:$Q$434,Countries!$A$5:$A$434,"All landing pages",Countries!$B$5:$B$434,"Paid Search",Countries!$C$5:$C$434,"Desktop",Countries!$D$5:$D$434,$A96,Countries!$AS$5:$AS$434,">0")) | Q96: =IF(OR(O96="",P96=""),"",(P96-O96)*100) | R96: =IF(SUMIFS(Countries!$E$5:$E$434,Countries!$A$5:$A$434,"All landing pages",Countries!$B$5:$B$434,"Paid Search",Countries!$C$5:$C$434,"Desktop",Countries!$D$5:$D$434,$A96,Countries!$AR$5:$AR$434,">0")=0,"",SUMIFS(Countries!$AR$5:$AR$434,Countries!$A$5:$A$434,"All landing pages",Countries!$B$5:$B$434,"Paid Search",Countries!$C$5:$C$434,"Desktop",Countries!$D$5:$D$434,$A96,Countries!$E$5:$E$434,">0")/SUMIFS(Countries!$E$5:$E$434,Countries!$A$5:$A$434,"All landing pages",Countries!$B$5:$B$434,"Paid Search",Countries!$C$5:$C$434,"Desktop",Countries!$D$5:$D$434,$A96,Countries!$AR$5:$AR$434,">0")) | S96: =IF(SUMIFS(Countries!$F$5:$F$434,Countries!$A$5:$A$434,"All landing pages",Countries!$B$5:$B$434,"Paid Search",Countries!$C$5:$C$434,"Desktop",Countries!$D$5:$D$434,$A96,Countries!$AS$5:$AS$434,">0")=0,"",SUMIFS(Countries!$AS$5:$AS$434,Countries!$A$5:$A$434,"All landing pages",Countries!$B$5:$B$434,"Paid Search",Countries!$C$5:$C$434,"Desktop",Countries!$D$5:$D$434,$A96,Countries!$F$5:$F$434,">0")/SUMIFS(Countries!$F$5:$F$434,Countries!$A$5:$A$434,"All landing pages",Countries!$B$5:$B$434,"Paid Search",Countries!$C$5:$C$434,"Desktop",Countries!$D$5:$D$434,$A96,Countries!$AS$5:$AS$434,">0")) | T96: =IF(OR(R96="",S96=""),"",(S96-R96)*100)
A97: Italy | B97: Paid Search | C97: =IF(SUMIFS(Countries!$E$5:$E$434,Countries!$A$5:$A$434,"All landing pages",Countries!$B$5:$B$434,"Paid Search",Countries!$C$5:$C$434,"Desktop",Countries!$D$5:$D$434,$A97)=0,"",SUMIFS(Countries!$E$5:$E$434,Countries!$A$5:$A$434,"All landing pages",Countries!$B$5:$B$434,"Paid Search",Countries!$C$5:$C$434,"Desktop",Countries!$D$5:$D$434,$A97)) | D97: =IF(SUMIFS(Countries!$F$5:$F$434,Countries!$A$5:$A$434,"All landing pages",Countries!$B$5:$B$434,"Paid Search",Countries!$C$5:$C$434,"Desktop",Countries!$D$5:$D$434,$A97)=0,"",SUMIFS(Countries!$F$5:$F$434,Countries!$A$5:$A$434,"All landing pages",Countries!$B$5:$B$434,"Paid Search",Countries!$C$5:$C$434,"Desktop",Countries!$D$5:$D$434,$A97)) | E97: =IF(OR(C97="",D97="",D97=0,C97=0),"",D97/C97-1) | F97: =IF(SUMIFS(Countries!$P$5:$P$434,Countries!$A$5:$A$434,"All landing pages",Countries!$B$5:$B$434,"Paid Search",Countries!$C$5:$C$434,"Desktop",Countries!$D$5:$D$434,$A97)=0,"",SUMIFS(Countries!$P$5:$P$434,Countries!$A$5:$A$434,"All landing pages",Countries!$B$5:$B$434,"Paid Search",Countries!$C$5:$C$434,"Desktop",Countries!$D$5:$D$434,$A97)) | G97: =IF(SUMIFS(Countries!$Q$5:$Q$434,Countries!$A$5:$A$434,"All landing pages",Countries!$B$5:$B$434,"Paid Search",Countries!$C$5:$C$434,"Desktop",Countries!$D$5:$D$434,$A97)=0,"",SUMIFS(Countries!$Q$5:$Q$434,Countries!$A$5:$A$434,"All landing pages",Countries!$B$5:$B$434,"Paid Search",Countries!$C$5:$C$434,"Desktop",Countries!$D$5:$D$434,$A97)) | H97: =IF(OR(F97="",G97="",G97=0,F97=0),"",G97/F97-1) | I97: =IF(SUMIFS(Countries!$AR$5:$AR$434,Countries!$A$5:$A$434,"All landing pages",Countries!$B$5:$B$434,"Paid Search",Countries!$C$5:$C$434,"Desktop",Countries!$D$5:$D$434,$A97)=0,"",SUMIFS(Countries!$AR$5:$AR$434,Countries!$A$5:$A$434,"All landing pages",Countries!$B$5:$B$434,"Paid Search",Countries!$C$5:$C$434,"Desktop",Countries!$D$5:$D$434,$A97)) | J97: =IF(SUMIFS(Countries!$AS$5:$AS$434,Countries!$A$5:$A$434,"All landing pages",Countries!$B$5:$B$434,"Paid Search",Countries!$C$5:$C$434,"Desktop",Countries!$D$5:$D$434,$A97)=0,"",SUMIFS(Countries!$AS$5:$AS$434,Countries!$A$5:$A$434,"All landing pages",Countries!$B$5:$B$434,"Paid Search",Countries!$C$5:$C$434,"Desktop",Countries!$D$5:$D$434,$A97)) | K97: =IF(OR(I97="",J97="",J97=0,I97=0),"",J97/I97-1) | L97: =IF(SUMIFS(Countries!$E$5:$E$434,Countries!$A$5:$A$434,"All landing pages",Countries!$B$5:$B$434,"Paid Search",Countries!$C$5:$C$434,"Desktop",Countries!$D$5:$D$434,$A97,Countries!$P$5:$P$434,">0")=0,"",SUMIFS(Countries!$P$5:$P$434,Countries!$A$5:$A$434,"All landing pages",Countries!$B$5:$B$434,"Paid Search",Countries!$C$5:$C$434,"Desktop",Countries!$D$5:$D$434,$A97,Countries!$E$5:$E$434,">0")/SUMIFS(Countries!$E$5:$E$434,Countries!$A$5:$A$434,"All landing pages",Countries!$B$5:$B$434,"Paid Search",Countries!$C$5:$C$434,"Desktop",Countries!$D$5:$D$434,$A97,Countries!$P$5:$P$434,">0")) | M97: =IF(SUMIFS(Countries!$F$5:$F$434,Countries!$A$5:$A$434,"All landing pages",Countries!$B$5:$B$434,"Paid Search",Countries!$C$5:$C$434,"Desktop",Countries!$D$5:$D$434,$A97,Countries!$Q$5:$Q$434,">0")=0,"",SUMIFS(Countries!$Q$5:$Q$434,Countries!$A$5:$A$434,"All landing pages",Countries!$B$5:$B$434,"Paid Search",Countries!$C$5:$C$434,"Desktop",Countries!$D$5:$D$434,$A97,Countries!$F$5:$F$434,">0")/SUMIFS(Countries!$F$5:$F$434,Countries!$A$5:$A$434,"All landing pages",Countries!$B$5:$B$434,"Paid Search",Countries!$C$5:$C$434,"Desktop",Countries!$D$5:$D$434,$A97,Countries!$Q$5:$Q$434,">0")) | N97: =IF(OR(L97="",M97=""),"",(M97-L97)*100) | O97: =IF(SUMIFS(Countries!$P$5:$P$434,Countries!$A$5:$A$434,"All landing pages",Countries!$B$5:$B$434,"Paid Search",Countries!$C$5:$C$434,"Desktop",Countries!$D$5:$D$434,$A97,Countries!$AR$5:$AR$434,">0")=0,"",SUMIFS(Countries!$AR$5:$AR$434,Countries!$A$5:$A$434,"All landing pages",Countries!$B$5:$B$434,"Paid Search",Countries!$C$5:$C$434,"Desktop",Countries!$D$5:$D$434,$A97,Countries!$P$5:$P$434,">0")/SUMIFS(Countries!$P$5:$P$434,Countries!$A$5:$A$434,"All landing pages",Countries!$B$5:$B$434,"Paid Search",Countries!$C$5:$C$434,"Desktop",Countries!$D$5:$D$434,$A97,Countries!$AR$5:$AR$434,">0")) | P97: =IF(SUMIFS(Countries!$Q$5:$Q$434,Countries!$A$5:$A$434,"All landing pages",Countries!$B$5:$B$434,"Paid Search",Countries!$C$5:$C$434,"Desktop",Countries!$D$5:$D$434,$A97,Countries!$AS$5:$AS$434,">0")=0,"",SUMIFS(Countries!$AS$5:$AS$434,Countries!$A$5:$A$434,"All landing pages",Countries!$B$5:$B$434,"Paid Search",Countries!$C$5:$C$434,"Desktop",Countries!$D$5:$D$434,$A97,Countries!$Q$5:$Q$434,">0")/SUMIFS(Countries!$Q$5:$Q$434,Countries!$A$5:$A$434,"All landing pages",Countries!$B$5:$B$434,"Paid Search",Countries!$C$5:$C$434,"Desktop",Countries!$D$5:$D$434,$A97,Countries!$AS$5:$AS$434,">0")) | Q97: =IF(OR(O97="",P97=""),"",(P97-O97)*100) | R97: =IF(SUMIFS(Countries!$E$5:$E$434,Countries!$A$5:$A$434,"All landing pages",Countries!$B$5:$B$434,"Paid Search",Countries!$C$5:$C$434,"Desktop",Countries!$D$5:$D$434,$A97,Countries!$AR$5:$AR$434,">0")=0,"",SUMIFS(Countries!$AR$5:$AR$434,Countries!$A$5:$A$434,"All landing pages",Countries!$B$5:$B$434,"Paid Search",Countries!$C$5:$C$434,"Desktop",Countries!$D$5:$D$434,$A97,Countries!$E$5:$E$434,">0")/SUMIFS(Countries!$E$5:$E$434,Countries!$A$5:$A$434,"All landing pages",Countries!$B$5:$B$434,"Paid Search",Countries!$C$5:$C$434,"Desktop",Countries!$D$5:$D$434,$A97,Countries!$AR$5:$AR$434,">0")) | S97: =IF(SUMIFS(Countries!$F$5:$F$434,Countries!$A$5:$A$434,"All landing pages",Countries!$B$5:$B$434,"Paid Search",Countries!$C$5:$C$434,"Desktop",Countries!$D$5:$D$434,$A97,Countries!$AS$5:$AS$434,">0")=0,"",SUMIFS(Countries!$AS$5:$AS$434,Countries!$A$5:$A$434,"All landing pages",Countries!$B$5:$B$434,"Paid Search",Countries!$C$5:$C$434,"Desktop",Countries!$D$5:$D$434,$A97,Countries!$F$5:$F$434,">0")/SUMIFS(Countries!$F$5:$F$434,Countries!$A$5:$A$434,"All landing pages",Countries!$B$5:$B$434,"Paid Search",Countries!$C$5:$C$434,"Desktop",Countries!$D$5:$D$434,$A97,Countries!$AS$5:$AS$434,">0")) | T97: =IF(OR(R97="",S97=""),"",(S97-R97)*100)
A98: Spain | B98: Paid Search | C98: =IF(SUMIFS(Countries!$E$5:$E$434,Countries!$A$5:$A$434,"All landing pages",Countries!$B$5:$B$434,"Paid Search",Countries!$C$5:$C$434,"Desktop",Countries!$D$5:$D$434,$A98)=0,"",SUMIFS(Countries!$E$5:$E$434,Countries!$A$5:$A$434,"All landing pages",Countries!$B$5:$B$434,"Paid Search",Countries!$C$5:$C$434,"Desktop",Countries!$D$5:$D$434,$A98)) | D98: =IF(SUMIFS(Countries!$F$5:$F$434,Countries!$A$5:$A$434,"All landing pages",Countries!$B$5:$B$434,"Paid Search",Countries!$C$5:$C$434,"Desktop",Countries!$D$5:$D$434,$A98)=0,"",SUMIFS(Countries!$F$5:$F$434,Countries!$A$5:$A$434,"All landing pages",Countries!$B$5:$B$434,"Paid Search",Countries!$C$5:$C$434,"Desktop",Countries!$D$5:$D$434,$A98)) | E98: =IF(OR(C98="",D98="",D98=0,C98=0),"",D98/C98-1) | F98: =IF(SUMIFS(Countries!$P$5:$P$434,Countries!$A$5:$A$434,"All landing pages",Countries!$B$5:$B$434,"Paid Search",Countries!$C$5:$C$434,"Desktop",Countries!$D$5:$D$434,$A98)=0,"",SUMIFS(Countries!$P$5:$P$434,Countries!$A$5:$A$434,"All landing pages",Countries!$B$5:$B$434,"Paid Search",Countries!$C$5:$C$434,"Desktop",Countries!$D$5:$D$434,$A98)) | G98: =IF(SUMIFS(Countries!$Q$5:$Q$434,Countries!$A$5:$A$434,"All landing pages",Countries!$B$5:$B$434,"Paid Search",Countries!$C$5:$C$434,"Desktop",Countries!$D$5:$D$434,$A98)=0,"",SUMIFS(Countries!$Q$5:$Q$434,Countries!$A$5:$A$434,"All landing pages",Countries!$B$5:$B$434,"Paid Search",Countries!$C$5:$C$434,"Desktop",Countries!$D$5:$D$434,$A98)) | H98: =IF(OR(F98="",G98="",G98=0,F98=0),"",G98/F98-1) | I98: =IF(SUMIFS(Countries!$AR$5:$AR$434,Countries!$A$5:$A$434,"All landing pages",Countries!$B$5:$B$434,"Paid Search",Countries!$C$5:$C$434,"Desktop",Countries!$D$5:$D$434,$A98)=0,"",SUMIFS(Countries!$AR$5:$AR$434,Countries!$A$5:$A$434,"All landing pages",Countries!$B$5:$B$434,"Paid Search",Countries!$C$5:$C$434,"Desktop",Countries!$D$5:$D$434,$A98)) | J98: =IF(SUMIFS(Countries!$AS$5:$AS$434,Countries!$A$5:$A$434,"All landing pages",Countries!$B$5:$B$434,"Paid Search",Countries!$C$5:$C$434,"Desktop",Countries!$D$5:$D$434,$A98)=0,"",SUMIFS(Countries!$AS$5:$AS$434,Countries!$A$5:$A$434,"All landing pages",Countries!$B$5:$B$434,"Paid Search",Countries!$C$5:$C$434,"Desktop",Countries!$D$5:$D$434,$A98)) | K98: =IF(OR(I98="",J98="",J98=0,I98=0),"",J98/I98-1) | L98: =IF(SUMIFS(Countries!$E$5:$E$434,Countries!$A$5:$A$434,"All landing pages",Countries!$B$5:$B$434,"Paid Search",Countries!$C$5:$C$434,"Desktop",Countries!$D$5:$D$434,$A98,Countries!$P$5:$P$434,">0")=0,"",SUMIFS(Countries!$P$5:$P$434,Countries!$A$5:$A$434,"All landing pages",Countries!$B$5:$B$434,"Paid Search",Countries!$C$5:$C$434,"Desktop",Countries!$D$5:$D$434,$A98,Countries!$E$5:$E$434,">0")/SUMIFS(Countries!$E$5:$E$434,Countries!$A$5:$A$434,"All landing pages",Countries!$B$5:$B$434,"Paid Search",Countries!$C$5:$C$434,"Desktop",Countries!$D$5:$D$434,$A98,Countries!$P$5:$P$434,">0")) | M98: =IF(SUMIFS(Countries!$F$5:$F$434,Countries!$A$5:$A$434,"All landing pages",Countries!$B$5:$B$434,"Paid Search",Countries!$C$5:$C$434,"Desktop",Countries!$D$5:$D$434,$A98,Countries!$Q$5:$Q$434,">0")=0,"",SUMIFS(Countries!$Q$5:$Q$434,Countries!$A$5:$A$434,"All landing pages",Countries!$B$5:$B$434,"Paid Search",Countries!$C$5:$C$434,"Desktop",Countries!$D$5:$D$434,$A98,Countries!$F$5:$F$434,">0")/SUMIFS(Countries!$F$5:$F$434,Countries!$A$5:$A$434,"All landing pages",Countries!$B$5:$B$434,"Paid Search",Countries!$C$5:$C$434,"Desktop",Countries!$D$5:$D$434,$A98,Countries!$Q$5:$Q$434,">0")) | N98: =IF(OR(L98="",M98=""),"",(M98-L98)*100) | O98: =IF(SUMIFS(Countries!$P$5:$P$434,Countries!$A$5:$A$434,"All landing pages",Countries!$B$5:$B$434,"Paid Search",Countries!$C$5:$C$434,"Desktop",Countries!$D$5:$D$434,$A98,Countries!$AR$5:$AR$434,">0")=0,"",SUMIFS(Countries!$AR$5:$AR$434,Countries!$A$5:$A$434,"All landing pages",Countries!$B$5:$B$434,"Paid Search",Countries!$C$5:$C$434,"Desktop",Countries!$D$5:$D$434,$A98,Countries!$P$5:$P$434,">0")/SUMIFS(Countries!$P$5:$P$434,Countries!$A$5:$A$434,"All landing pages",Countries!$B$5:$B$434,"Paid Search",Countries!$C$5:$C$434,"Desktop",Countries!$D$5:$D$434,$A98,Countries!$AR$5:$AR$434,">0")) | P98: =IF(SUMIFS(Countries!$Q$5:$Q$434,Countries!$A$5:$A$434,"All landing pages",Countries!$B$5:$B$434,"Paid Search",Countries!$C$5:$C$434,"Desktop",Countries!$D$5:$D$434,$A98,Countries!$AS$5:$AS$434,">0")=0,"",SUMIFS(Countries!$AS$5:$AS$434,Countries!$A$5:$A$434,"All landing pages",Countries!$B$5:$B$434,"Paid Search",Countries!$C$5:$C$434,"Desktop",Countries!$D$5:$D$434,$A98,Countries!$Q$5:$Q$434,">0")/SUMIFS(Countries!$Q$5:$Q$434,Countries!$A$5:$A$434,"All landing pages",Countries!$B$5:$B$434,"Paid Search",Countries!$C$5:$C$434,"Desktop",Countries!$D$5:$D$434,$A98,Countries!$AS$5:$AS$434,">0")) | Q98: =IF(OR(O98="",P98=""),"",(P98-O98)*100) | R98: =IF(SUMIFS(Countries!$E$5:$E$434,Countries!$A$5:$A$434,"All landing pages",Countries!$B$5:$B$434,"Paid Search",Countries!$C$5:$C$434,"Desktop",Countries!$D$5:$D$434,$A98,Countries!$AR$5:$AR$434,">0")=0,"",SUMIFS(Countries!$AR$5:$AR$434,Countries!$A$5:$A$434,"All landing pages",Countries!$B$5:$B$434,"Paid Search",Countries!$C$5:$C$434,"Desktop",Countries!$D$5:$D$434,$A98,Countries!$E$5:$E$434,">0")/SUMIFS(Countries!$E$5:$E$434,Countries!$A$5:$A$434,"All landing pages",Countries!$B$5:$B$434,"Paid Search",Countries!$C$5:$C$434,"Desktop",Countries!$D$5:$D$434,$A98,Countries!$AR$5:$AR$434,">0")) | S98: =IF(SUMIFS(Countries!$F$5:$F$434,Countries!$A$5:$A$434,"All landing pages",Countries!$B$5:$B$434,"Paid Search",Countries!$C$5:$C$434,"Desktop",Countries!$D$5:$D$434,$A98,Countries!$AS$5:$AS$434,">0")=0,"",SUMIFS(Countries!$AS$5:$AS$434,Countries!$A$5:$A$434,"All landing pages",Countries!$B$5:$B$434,"Paid Search",Countries!$C$5:$C$434,"Desktop",Countries!$D$5:$D$434,$A98,Countries!$F$5:$F$434,">0")/SUMIFS(Countries!$F$5:$F$434,Countries!$A$5:$A$434,"All landing pages",Countries!$B$5:$B$434,"Paid Search",Countries!$C$5:$C$434,"Desktop",Countries!$D$5:$D$434,$A98,Countries!$AS$5:$AS$434,">0")) | T98: =IF(OR(R98="",S98=""),"",(S98-R98)*100)
A99: Ireland | B99: Paid Search | C99: =IF(SUMIFS(Countries!$E$5:$E$434,Countries!$A$5:$A$434,"All landing pages",Countries!$B$5:$B$434,"Paid Search",Countries!$C$5:$C$434,"Desktop",Countries!$D$5:$D$434,$A99)=0,"",SUMIFS(Countries!$E$5:$E$434,Countries!$A$5:$A$434,"All landing pages",Countries!$B$5:$B$434,"Paid Search",Countries!$C$5:$C$434,"Desktop",Countries!$D$5:$D$434,$A99)) | D99: =IF(SUMIFS(Countries!$F$5:$F$434,Countries!$A$5:$A$434,"All landing pages",Countries!$B$5:$B$434,"Paid Search",Countries!$C$5:$C$434,"Desktop",Countries!$D$5:$D$434,$A99)=0,"",SUMIFS(Countries!$F$5:$F$434,Countries!$A$5:$A$434,"All landing pages",Countries!$B$5:$B$434,"Paid Search",Countries!$C$5:$C$434,"Desktop",Countries!$D$5:$D$434,$A99)) | E99: =IF(OR(C99="",D99="",D99=0,C99=0),"",D99/C99-1) | F99: =IF(SUMIFS(Countries!$P$5:$P$434,Countries!$A$5:$A$434,"All landing pages",Countries!$B$5:$B$434,"Paid Search",Countries!$C$5:$C$434,"Desktop",Countries!$D$5:$D$434,$A99)=0,"",SUMIFS(Countries!$P$5:$P$434,Countries!$A$5:$A$434,"All landing pages",Countries!$B$5:$B$434,"Paid Search",Countries!$C$5:$C$434,"Desktop",Countries!$D$5:$D$434,$A99)) | G99: =IF(SUMIFS(Countries!$Q$5:$Q$434,Countries!$A$5:$A$434,"All landing pages",Countries!$B$5:$B$434,"Paid Search",Countries!$C$5:$C$434,"Desktop",Countries!$D$5:$D$434,$A99)=0,"",SUMIFS(Countries!$Q$5:$Q$434,Countries!$A$5:$A$434,"All landing pages",Countries!$B$5:$B$434,"Paid Search",Countries!$C$5:$C$434,"Desktop",Countries!$D$5:$D$434,$A99)) | H99: =IF(OR(F99="",G99="",G99=0,F99=0),"",G99/F99-1) | I99: =IF(SUMIFS(Countries!$AR$5:$AR$434,Countries!$A$5:$A$434,"All landing pages",Countries!$B$5:$B$434,"Paid Search",Countries!$C$5:$C$434,"Desktop",Countries!$D$5:$D$434,$A99)=0,"",SUMIFS(Countries!$AR$5:$AR$434,Countries!$A$5:$A$434,"All landing pages",Countries!$B$5:$B$434,"Paid Search",Countries!$C$5:$C$434,"Desktop",Countries!$D$5:$D$434,$A99)) | J99: =IF(SUMIFS(Countries!$AS$5:$AS$434,Countries!$A$5:$A$434,"All landing pages",Countries!$B$5:$B$434,"Paid Search",Countries!$C$5:$C$434,"Desktop",Countries!$D$5:$D$434,$A99)=0,"",SUMIFS(Countries!$AS$5:$AS$434,Countries!$A$5:$A$434,"All landing pages",Countries!$B$5:$B$434,"Paid Search",Countries!$C$5:$C$434,"Desktop",Countries!$D$5:$D$434,$A99)) | K99: =IF(OR(I99="",J99="",J99=0,I99=0),"",J99/I99-1) | L99: =IF(SUMIFS(Countries!$E$5:$E$434,Countries!$A$5:$A$434,"All landing pages",Countries!$B$5:$B$434,"Paid Search",Countries!$C$5:$C$434,"Desktop",Countries!$D$5:$D$434,$A99,Countries!$P$5:$P$434,">0")=0,"",SUMIFS(Countries!$P$5:$P$434,Countries!$A$5:$A$434,"All landing pages",Countries!$B$5:$B$434,"Paid Search",Countries!$C$5:$C$434,"Desktop",Countries!$D$5:$D$434,$A99,Countries!$E$5:$E$434,">0")/SUMIFS(Countries!$E$5:$E$434,Countries!$A$5:$A$434,"All landing pages",Countries!$B$5:$B$434,"Paid Search",Countries!$C$5:$C$434,"Desktop",Countries!$D$5:$D$434,$A99,Countries!$P$5:$P$434,">0")) | M99: =IF(SUMIFS(Countries!$F$5:$F$434,Countries!$A$5:$A$434,"All landing pages",Countries!$B$5:$B$434,"Paid Search",Countries!$C$5:$C$434,"Desktop",Countries!$D$5:$D$434,$A99,Countries!$Q$5:$Q$434,">0")=0,"",SUMIFS(Countries!$Q$5:$Q$434,Countries!$A$5:$A$434,"All landing pages",Countries!$B$5:$B$434,"Paid Search",Countries!$C$5:$C$434,"Desktop",Countries!$D$5:$D$434,$A99,Countries!$F$5:$F$434,">0")/SUMIFS(Countries!$F$5:$F$434,Countries!$A$5:$A$434,"All landing pages",Countries!$B$5:$B$434,"Paid Search",Countries!$C$5:$C$434,"Desktop",Countries!$D$5:$D$434,$A99,Countries!$Q$5:$Q$434,">0")) | N99: =IF(OR(L99="",M99=""),"",(M99-L99)*100) | O99: =IF(SUMIFS(Countries!$P$5:$P$434,Countries!$A$5:$A$434,"All landing pages",Countries!$B$5:$B$434,"Paid Search",Countries!$C$5:$C$434,"Desktop",Countries!$D$5:$D$434,$A99,Countries!$AR$5:$AR$434,">0")=0,"",SUMIFS(Countries!$AR$5:$AR$434,Countries!$A$5:$A$434,"All landing pages",Countries!$B$5:$B$434,"Paid Search",Countries!$C$5:$C$434,"Desktop",Countries!$D$5:$D$434,$A99,Countries!$P$5:$P$434,">0")/SUMIFS(Countries!$P$5:$P$434,Countries!$A$5:$A$434,"All landing pages",Countries!$B$5:$B$434,"Paid Search",Countries!$C$5:$C$434,"Desktop",Countries!$D$5:$D$434,$A99,Countries!$AR$5:$AR$434,">0")) | P99: =IF(SUMIFS(Countries!$Q$5:$Q$434,Countries!$A$5:$A$434,"All landing pages",Countries!$B$5:$B$434,"Paid Search",Countries!$C$5:$C$434,"Desktop",Countries!$D$5:$D$434,$A99,Countries!$AS$5:$AS$434,">0")=0,"",SUMIFS(Countries!$AS$5:$AS$434,Countries!$A$5:$A$434,"All landing pages",Countries!$B$5:$B$434,"Paid Search",Countries!$C$5:$C$434,"Desktop",Countries!$D$5:$D$434,$A99,Countries!$Q$5:$Q$434,">0")/SUMIFS(Countries!$Q$5:$Q$434,Countries!$A$5:$A$434,"All landing pages",Countries!$B$5:$B$434,"Paid Search",Countries!$C$5:$C$434,"Desktop",Countries!$D$5:$D$434,$A99,Countries!$AS$5:$AS$434,">0")) | Q99: =IF(OR(O99="",P99=""),"",(P99-O99)*100) | R99: =IF(SUMIFS(Countries!$E$5:$E$434,Countries!$A$5:$A$434,"All landing pages",Countries!$B$5:$B$434,"Paid Search",Countries!$C$5:$C$434,"Desktop",Countries!$D$5:$D$434,$A99,Countries!$AR$5:$AR$434,">0")=0,"",SUMIFS(Countries!$AR$5:$AR$434,Countries!$A$5:$A$434,"All landing pages",Countries!$B$5:$B$434,"Paid Search",Countries!$C$5:$C$434,"Desktop",Countries!$D$5:$D$434,$A99,Countries!$E$5:$E$434,">0")/SUMIFS(Countries!$E$5:$E$434,Countries!$A$5:$A$434,"All landing pages",Countries!$B$5:$B$434,"Paid Search",Countries!$C$5:$C$434,"Desktop",Countries!$D$5:$D$434,$A99,Countries!$AR$5:$AR$434,">0")) | S99: =IF(SUMIFS(Countries!$F$5:$F$434,Countries!$A$5:$A$434,"All landing pages",Countries!$B$5:$B$434,"Paid Search",Countries!$C$5:$C$434,"Desktop",Countries!$D$5:$D$434,$A99,Countries!$AS$5:$AS$434,">0")=0,"",SUMIFS(Countries!$AS$5:$AS$434,Countries!$A$5:$A$434,"All landing pages",Countries!$B$5:$B$434,"Paid Search",Countries!$C$5:$C$434,"Desktop",Countries!$D$5:$D$434,$A99,Countries!$F$5:$F$434,">0")/SUMIFS(Countries!$F$5:$F$434,Countries!$A$5:$A$434,"All landing pages",Countries!$B$5:$B$434,"Paid Search",Countries!$C$5:$C$434,"Desktop",Countries!$D$5:$D$434,$A99,Countries!$AS$5:$AS$434,">0")) | T99: =IF(OR(R99="",S99=""),"",(S99-R99)*100)
